"MXIM-AV-1-4-1","","Esteban Terán (Área de contexto), Penélope Ubaldo","Adaptación de la norma ISAD (G)","2015-06-30"
"MXIM-AV-1-4-2","","Esteban Terán (Área de contexto), Penélope Ubaldo","Adaptación de la norma ISAD (G)","2015-06-30"
"MXIM-AV-1-4-3","Falta hacer copia individual en DVD","Esteban Terán (Área de contexto)","Adaptación de la norma ISAD (G)","2016-05-27"
"MXIM-AV-1-4-4","","Esteban Terán (Área de contexto), Penélope Ubaldo","Adaptación de la norma ISAD (G)","2016-05-27"
"MXIM-AV-1-4-5","","Úrsula Mares, Penélope Ubaldo","Adaptación de la norma ISAD (G)","2015-07-02"
"MXIM-AV-1-4-6","","Úrsula Mares, Penélope Ubaldo","Adaptación de la norma ISAD (G)","2015-07-02"
"MXIM-AV-1-5-1","","Úrsula Mares/Penélope Ubaldo","Adaptación de la norma ISAD (G)","2015-07-03"
"MXIM-AV-1-5-2","","Esteban Terán (Área de contexto)","Adaptación de la norma ISAD (G)","2015-01-29"
"MXIM-AV-1-5-3","","Esteban Terán (Área de contexto), Penélope Ubaldo","Adaptación de la norma ISAD (G)","2015-07-03"
"MXIM-AV-1-5-4","","Esteban Terán (Área de contexto), Penélope Ubaldo","Adaptación de la norma ISAD (G)","2015-05-02"
"MXIM-AV-1-5-5","","Esteban Terán (Área de contexto), Penélope Ubaldo","Adaptación de la norma ISAD (G)","2015-07-03"
"MXIM-AV-1-5-6","","Esteban Terán (Área de contexto), Penélope Ubaldo","Adaptación de la norma ISAD (G)","2015-07-02"
"MXIM-AV-1-5-7","","Esteban Terán (Área de contexto), Penélope Ubaldo","Adaptación de la norma ISAD (G)","2015-07-06"
"MXIM-AV-1-5-8","","Esteban Terán (Área de contexto), Penélope Ubaldo","Adaptación de la norma ISAD (G)","2015-07-14"
"MXIM-AV-1-5-9","","Esteban Terán (Área de contexto), Penélope Ubaldo","Adaptación de la norma ISAD (G)","2015-07-14"
"MXIM-AV-1-5-10","","Esteban Terán (Área de contexto), Penélope Ubaldo","Adaptación de la norma ISAD (G)","2015-07-14"
"MXIM-AV-1-5-11","","Esteban Terán (Área de contexto), Penélope Ubaldo","Adaptación de la norma ISAD (G)","2015-07-14"
"MXIM-AV-1-5-12","","Esteban Terán (Área de contexto), Penélope Ubaldo","Adaptación de la norma ISAD (G)","2015-07-06"
"MXIM-AV-1-9-31","","Úrsula Mares, Esteban Terán y Penélope Ubaldo","Adaptación de la norma ISAD (G)","2015-07-15"
"MXIM-AV-1-5-16","http://www.seg-sse.ch/pdf/CAV/12-02-10_SSE_COLL_AV_tout.pdf","Úrsula Mares","Adaptación de la norma ISAD (G)","2013-05-21"
"MXIM-AV-1-6-1","Falta hacer copia individual en DVD","Esteban Terán (Área de contexto)","Adaptación de la norma ISAD (G)","2012-11-01"
"MXIM-AV-1-6-2","","Esteban Terán (Área de contexto), Penélope Ubaldo","Adaptación de la norma ISAD (G)","2015-07-17"
"MXIM-AV-1-6-3","","Esteban Terán (Área de contexto), Penélope Ubaldo","Adaptación de la norma ISAD (G)","2015-07-18"
"MXIM-AV-1-6-4","Falta hacer copia individual en DVD","Esteban Terán (Área de contexto)","Adaptación de la norma ISAD (G)","2012-11-01"
"MXIM-AV-1-6-5","Falta hacer copia individual en DVD","Esteban Terán (Área de contexto)","Adaptación de la norma ISAD (G)","2012-11-01"
"MXIM-AV-1-6-6","","Esteban Terán (Área de contexto), Penélope Ubaldo","Adaptación de la norma ISAD (G)","2016-05-27"
"MXIM-AV-1-6-7","","Esteban Terán (Área de contexto), Penélope Ubaldo","Adaptación de la norma ISAD (G)","2016-05-27"
"MXIM-AV-1-6-8","","Esteban Terán (Área de contexto), Penélope Ubaldo","Adaptación de la norma ISAD (G)","2016-05-27"
"MXIM-AV-1-6-9","","Esteban Terán (Área de contexto), Penélope Ubaldo","Adaptación de la norma ISAD (G)","2016-05-27"
"MXIM-AV-1-6-10","","Esteban Terán (Área de contexto), Penélope Ubaldo","Adaptación de la norma ISAD (G)","2016-05-27"
"MXIM-AV-1-6-11","","Esteban Terán (Área de contexto), Penélope Ubaldo","Adaptación de la norma ISAD (G)","2016-05-27"
"MXIM-AV-1-6-12","","Esteban Terán (Área de contexto), Penélope Ubaldo","Adaptación de la norma ISAD (G)","2016-05-27"
"MXIM-AV-1-6-13","","Esteban Terán (Área de contexto), Penélope Ubaldo","Adaptación de la norma ISAD (G)","2016-05-27"
"MXIM-AV-1-7-1","","Úrsula Mares, Esteban Terán, Penélope Ubaldo","Adaptación de la norma ISAD (G)","2016-05-27"
"MXIM-AV-1-7-2","","Esteban Terán (Área de contexto), Penélope Ubaldo","Adaptación de la norma ISAD (G)","2016-05-27"
"MXIM-AV-1-7-3","","Esteban Terán (Área de contexto), Penélope Ubaldo","Adaptación de la norma ISAD (G)","2016-05-27"
"MXIM-AV-1-7-4","","Esteban Terán (Área de contexto), Penélope Ubaldo","Adaptación de la norma ISAD (G)","2016-05-27"
"MXIM-AV-1-7-5","Falta hacer copia individual en DVD","Esteban Terán (Área de contexto)","Adaptación de la norma ISAD (G)","2016-05-27"
"MXIM-AV-1-7-6","Falta hacer copia individual en DVD","Esteban Terán (Área de contexto)","Adaptación de la norma ISAD (G)","2013-03-11"
"MXIM-AV-1-7-7","","Úrsula Mares/Esteban Terán (Área de contexto)","Adaptación de la norma ISAD (G)","2015-03-18"
"MXIM-AV-1-7-8","","Esteban Terán (Área de contexto), Penélope Ubaldo","Adaptación de la norma ISAD (G)","2015-03-18"
"MXIM-AV-1-7-9","","Penélope Ubaldo","Adaptación de la norma ISAD (G)","2015-03-24"
"MXIM-AV-1-7-10","Falta hacer copia individual en DVD","Penélope Ubaldo","Adaptación de la norma ISAD (G)","2015-03-24"
"MXIM-AV-1-7-11","","Úrsula Mares","Adaptación de la norma ISAD (G)","2013-03-19"
"MXIM-AV-1-7-12","","Úrsula Mares","Adaptación de la norma ISAD (G)","2013-03-19"
"MXIM-AV-1-8-1","Falta hacer copia individual en DVD.\
https://cosasquehemosvisto.wordpress.com/2009/06/21/la-piramide-humana-1959-de-jean-rouch/","","Adaptación de la norma ISAD (G)","2015-06-01"
"MXIM-AV-1-8-2","http://www.hffny.com/2013/film-tire-die/","Penélope Ubaldo","Adaptación de la norma ISAD (G)","2015-04-14"
"MXIM-AV-1-8-3","http://hawkmenblues.blogspot.mx/2012/01/valparaiso-joris-ivens-1965.html","Úrsula Mares","Adaptación de la norma ISAD (G)","2012-08-22"
"MXIM-AV-1-8-4","http://www.rebeldemule.org/foro/documental/tema13449.html","Úrsula Mares","Adaptación de la norma ISAD (G)","2012-09-20"
"MXIM-AV-1-8-6","http://richardleacock.com/Chiefs","Penélope Ubaldo","Adaptación de la norma ISAD (G)","2015-04-14"
"MXIM-AV-1-8-7","http://www.imdb.com/title/tt0054745/","Penélope Ubaldo","Adaptación de la norma ISAD (G)","2015-04-14"
"MXIM-AV-1-8-8","http://www.filmaffinity.com/es/film812085.html","Penélope Ubaldo","Adaptación de la norma ISAD (G)","2015-04-14"
"MXIM-AV-1-8-9","https://grupograv.files.wordpress.com/2011/08/dont-look-back1.jpg","Úrsula Mares","Adaptación de la norma ISAD (G)","2012-08-27"
"MXIM-AV-1-8-10","","Úrsula Mares","Adaptación de la norma ISAD (G)","2012-09-24"
"MXIM-AV-1-8-11","","","Adaptación de la norma ISAD (G)","2015-06-01"
"MXIM-AV-1-8-12","http://www.moviepostershop.com/hanoi-martes-13-movie-poster-1967","Penélope Ubaldo","Adaptación de la norma ISAD (G)","2015-04-14"
"MXIM-AV-1-8-13","http://www.rebelion.org/noticia.php?id=92824","Penélope Ubaldo","Adaptación de la norma ISAD (G)","2015-04-14"
"MXIM-AV-1-8-14","http://1.bp.blogspot.com/-31aU36lWG7Q/TqF56gav-kI/AAAAAAAAAYM/IADRov7NkbU/s1600/JAGUAR1.jpg","","Adaptación de la norma ISAD (G)","2015-06-01"
"MXIM-AV-1-8-15","http://i.imgur.com/eYwDKys.jpg","Úrsula Mares","Adaptación de la norma ISAD (G)","2012-08-29"
"MXIM-AV-1-8-16","http://www.popscreen.com/v/7h5gc/la-direction-dacteur-par-Jean-Renoir-22","","Adaptación de la norma ISAD (G)","2015-06-01"
"MXIM-AV-1-8-17","http://www.cineforever.com/2008/09/21/la-hora-de-los-hornos-recordando-el-68/","Úrsula Mares","Adaptación de la norma ISAD (G)","2012-09-24"
"MXIM-AV-1-8-18","http://www.elumiere.net/exclusivo_web/bafici09/la_jetee.php","","Adaptación de la norma ISAD (G)","2015-06-01"
"MXIM-AV-1-8-19","http://www.avalon.me/ http://www.wernerherzog.com/102.html https://upload.wikimedia.org/wikipedia/en/f/f6/Herakles.%28Werner.Herzog%2C.1962%29.jpg","Úrsula Mares","Adaptación de la norma ISAD (G)","2013-03-06"
"MXIM-AV-1-8-20","","","Adaptación de la norma ISAD (G)","2015-06-01"
"MXIM-AV-1-8-21","http://www.zipporah.com/films/24","Úrsula Mares","Adaptación de la norma ISAD (G)","2012-08-31"
"MXIM-AV-1-8-22","http://fumeriedopium.tumblr.com/post/19680158000/annees-folles","Penélope Ubaldo","Adaptación de la norma ISAD (G)","2015-04-14"
"MXIM-AV-1-8-23","","","Adaptación de la norma ISAD (G)","2015-06-01"
"MXIM-AV-1-8-24","","Penélope Ubaldo","Adaptación de la norma ISAD (G)","2015-04-14"
"MXIM-AV-1-8-25","http://cine.coveralia.com/caratulas/Morir-En-Madrid-Caratula.php","Penélope Ubaldo","Adaptación de la norma ISAD (G)","2015-04-16"
"MXIM-AV-1-8-26","","Úrsula Mares, Penélope Ubaldo","Adaptación de la norma ISAD (G)","2012-08-31"
"MXIM-AV-1-8-27","","Penélope Ubaldo","Adaptación de la norma ISAD (G)","2015-04-16"
"MXIM-AV-1-8-28","http://hawkmenblues.blogspot.mx/2012/01/letzte-worte-werner-herzog-1968.html","Úrsula Mares","Adaptación de la norma ISAD (G)","2013-03-06"
"MXIM-AV-1-8-29","","Úrsula Mares","Adaptación de la norma ISAD (G)","2013-05-21"
"MXIM-AV-1-8-30","http://www.dailymotion.com/video/xb3ak6_hasta-la-victoria-siempre_news","Penélope Ubaldo","Adaptación de la norma ISAD (G)","2015-04-16"
"MXIM-AV-1-8-31","","Penélope Ubaldo","Adaptación de la norma ISAD (G)","2015-04-16"
"MXIM-AV-1-8-32","http://www.johncoulthart.com/feuilleton/2012/07/19/terminus-by-john-schlesinger/","Penélope Ubaldo","Adaptación de la norma ISAD (G)","2015-04-16"
"MXIM-AV-1-8-33","http://www.amazon.co.uk/The-Saturday-Men-John-Fletcher/dp/B001SZRM8Y","Úrsula Mares","Adaptación de la norma ISAD (G)","2012-08-29"
"MXIM-AV-1-8-34","","Penélope Ubaldo","Adaptación de la norma ISAD (G)","2015-04-16"
"MXIM-AV-1-9-1","","","Adaptación de la norma ISAD (G)","2016-05-27"
"MXIM-AV-1-9-2","","","Adaptación de la norma ISAD (G)","2015-06-01"
"MXIM-AV-1-9-3","","Úrsula Mares","Adaptación de la norma ISAD (G)","2012-09-03"
"MXIM-AV-1-9-4","","Úrsula Mares","Adaptación de la norma ISAD (G)","2012-09-06"
"MXIM-AV-1-9-5","","Úrsula Mares","Adaptación de la norma ISAD (G)","2012-09-03"
"MXIM-AV-1-9-6","","Úrsula Mares","Adaptación de la norma ISAD (G)","2012-09-24"
"MXIM-AV-1-9-7","","Úrsula Mares","Adaptación de la norma ISAD (G)","2012-09-05"
"MXIM-AV-1-9-8","http://www.patricioguzman.com/index.php?page=films_dett&fid=1","","Adaptación de la norma ISAD (G)","2015-06-01"
"MXIM-AV-1-9-9","","Úrsula Mares","Adaptación de la norma ISAD (G)","2012-09-24"
"MXIM-AV-1-9-10","","Úrsula Mares","Adaptación de la norma ISAD (G)","2012-09-12"
"MXIM-AV-1-9-11","","Úrsula Mares","Adaptación de la norma ISAD (G)","2012-09-24"
"MXIM-AV-1-9-12","Falta hacer copia individual en DVD","Úrsula Mares","Adaptación de la norma ISAD (G)","2012-09-21"
"MXIM-AV-1-9-13","","Úrsula Mares","Adaptación de la norma ISAD (G)","2012-09-04"
"MXIM-AV-1-9-14","","Úrsula Mares","Adaptación de la norma ISAD (G)","2012-09-04"
"MXIM-AV-1-9-15","","","Adaptación de la norma ISAD (G)","2015-06-01"
"MXIM-AV-1-9-16","Falta hacer copia individual en DVD","Úrsula Mares","Adaptación de la norma ISAD (G)","2012-09-24"
"MXIM-AV-1-9-18","Falta hacer copia individual en DVD","Úrsula Mares","Adaptación de la norma ISAD (G)","2012-09-05"
"MXIM-AV-1-9-19","","Úrsula Mares","Adaptación de la norma ISAD (G)","2012-09-04"
"MXIM-AV-1-9-20","","","Adaptación de la norma ISAD (G)","2015-06-01"
"MXIM-AV-1-9-21","","Úrsula Mares","Adaptación de la norma ISAD (G)","2013-06-06"
"MXIM-AV-1-9-22","","","Adaptación de la norma ISAD (G)","2015-06-01"
"MXIM-AV-1-9-23","","Úrsula Mares","Adaptación de la norma ISAD (G)","2013-05-21"
"MXIM-AV-1-9-24","","Úrsula Mares","Adaptación de la norma ISAD (G)","2013-05-21"
"MXIM-AV-1-9-25","http://www.avalon.me/ http://www.wernerherzog.com/102.html","Úrsula Mares","Adaptación de la norma ISAD (G)","2013-03-06"
"MXIM-AV-1-9-26","","Úrsula Mares","Adaptación de la norma ISAD (G)","2012-09-20"
"MXIM-AV-1-9-27","","Úrsula Mares","Adaptación de la norma ISAD (G)","2012-09-20"
"MXIM-AV-1-9-28","","Elisa Dolores Espinosa Cruz","Adaptación de la norma ISAD (G)","2014-07-11"
"MXIM-AV-1-9-29","https://books.google.com.mx/books?id=U7qWBxo00pcC&pg=PA112&lpg=PA112&dq=documental+de+uganda+macdougall&source=bl&ots=cVXeHG6A1O&sig=aMTifmkJ-hEKx_SonMN0ur5ZQ7g&hl=es&sa=X&ei=OGxKVZvAKI_boASlz4GADg&ved=0CEoQ6AEwBw#v=onepage&q=documental%20de%20uganda%20macdougall&f=false","Elisa Dolores Espinosa Cruz","Adaptación de la norma ISAD (G)","2014-08-14"
"MXIM-AV-1-9-30","La region no corresponde, no se puede reproducir","Elisa Dolores Espinosa Cruz","Adaptación de la norma ISAD (G)","2014-07-14"
"MXIM-AV-1-10-1","","Úrsula Mares","Adaptación de la norma ISAD (G)","2012-09-24"
"MXIM-AV-1-10-2","","Penélope Ubaldo","Adaptación de la norma ISAD (G)","2015-05-28"
"MXIM-AV-1-10-3","","Penélope Ubaldo","Adaptación de la norma ISAD (G)","2015-05-28"
"MXIM-AV-1-10-4","","Penélope Ubaldo","Adaptación de la norma ISAD (G)","2015-05-25"
"MXIM-AV-1-10-5","","Penélope Ubaldo","Adaptación de la norma ISAD (G)","2015-05-25"
"MXIM-AV-1-10-6","","Úrsula Mares, Penélope Ubaldo","Adaptación de la norma ISAD (G)","2015-05-25"
"MXIM-AV-1-10-7","","Penélope Ubaldo","Adaptación de la norma ISAD (G)","2015-05-26"
"MXIM-AV-1-10-8","","Penélope Ubaldo","Adaptación de la norma ISAD (G)","2015-05-27"
"MXIM-AV-1-10-9","","Penélope Ubaldo","Adaptación de la norma ISAD (G)","2015-05-27"
"MXIM-AV-1-10-10","","Penélope Ubaldo","Adaptación de la norma ISAD (G)","2015-05-27"
"MXIM-AV-1-10-11","","Úrsula Mares","Adaptación de la norma ISAD (G)","2012-09-25"
"MXIM-AV-1-10-12","","","Adaptación de la norma ISAD (G)","2015-06-01"
"MXIM-AV-1-10-13","","Penélope Ubaldo","Adaptación de la norma ISAD (G)","2015-05-27"
"MXIM-AV-1-10-14","","Penélope Ubaldo","Adaptación de la norma ISAD (G)","2015-06-01"
"MXIM-AV-1-10-15","","Úrsula Mares, Penélope Ubaldo","Adaptación de la norma ISAD (G)","2012-09-18"
"MXIM-AV-1-10-16","","","Adaptación de la norma ISAD (G)","2015-06-01"
"MXIM-AV-1-10-17","","","Adaptación de la norma ISAD (G)","2015-06-01"
"MXIM-AV-1-10-18","","Úrsula Mares","Adaptación de la norma ISAD (G)","2012-09-19"
"MXIM-AV-1-10-19","","","Adaptación de la norma ISAD (G)","2015-06-01"
"MXIM-AV-1-10-20","","Úrsula Mares","Adaptación de la norma ISAD (G)","2012-09-26"
"MXIM-AV-1-10-21","","","Adaptación de la norma ISAD (G)","2015-06-01"
"MXIM-AV-1-10-22","","Úrsula Mares","Adaptación de la norma ISAD (G)","2013-06-18"
"MXIM-AV-1-10-23","","","Adaptación de la norma ISAD (G)","2015-06-01"
"MXIM-AV-1-10-24","","","Adaptación de la norma ISAD (G)","2015-06-01"
"MXIM-AV-1-10-25","","","Adaptación de la norma ISAD (G)","2015-06-01"
"MXIM-AV-1-10-26","","","Adaptación de la norma ISAD (G)","2015-06-01"
"MXIM-AV-1-10-27","","","Adaptación de la norma ISAD (G)","2015-06-01"
"MXIM-AV-1-10-28","","","Adaptación de la norma ISAD (G)","2015-06-01"
"MXIM-AV-1-10-29","","Úrsula Mares","Adaptación de la norma ISAD (G)","2012-09-19"
"MXIM-AV-1-10-30","","Úrsula Mares","Adaptación de la norma ISAD (G)","2012-09-21"
"MXIM-AV-1-10-31","","","Adaptación de la norma ISAD (G)","2015-06-01"
"MXIM-AV-1-10-32","","Úrsula Mares","Adaptación de la norma ISAD (G)","2012-09-19"
"MXIM-AV-1-10-33","","","Adaptación de la norma ISAD (G)","2015-06-01"
"MXIM-AV-1-10-34","","","Adaptación de la norma ISAD (G)","2015-06-01"
"MXIM-AV-1-10-35","","Úrsula Mares","Adaptación de la norma ISAD (G)","2012-09-19"
"MXIM-AV-1-10-36","","","Adaptación de la norma ISAD (G)","2015-06-01"
"MXIM-AV-1-10-37","","Úrsula Mares","Adaptación de la norma ISAD (G)","2012-09-27"
"MXIM-AV-1-10-38","","","Adaptación de la norma ISAD (G)","2015-06-01"
"MXIM-AV-1-10-39","","Úrsula Mares","Adaptación de la norma ISAD (G)","2012-09-26"
"MXIM-AV-1-10-40","","Úrsula Mares","Adaptación de la norma ISAD (G)","2012-09-27"
"MXIM-AV-1-10-41","","Úrsula Mares","Adaptación de la norma ISAD (G)","2012-09-26"
"MXIM-AV-1-10-42","","","Adaptación de la norma ISAD (G)","2015-06-01"
"MXIM-AV-1-10-43","","","Adaptación de la norma ISAD (G)","2015-06-01"
"MXIM-AV-1-10-44","","","Adaptación de la norma ISAD (G)","2015-06-01"
"MXIM-AV-1-10-45","","Úrsula Mares","Adaptación de la norma ISAD (G)","2013-05-21"
"MXIM-AV-1-10-46","http://www.avalon.me/ http://www.wernerherzog.com/102.html","Úrsula Mares","Adaptación de la norma ISAD (G)","2013-03-06"
"MXIM-AV-1-10-47","","Úrsula Mares","Adaptación de la norma ISAD (G)","2012-09-20"
"MXIM-AV-1-10-48","","Úrsula Mares","Adaptación de la norma ISAD (G)","2013-05-07"
"MXIM-AV-1-10-49","","Úrsula Mares","Adaptación de la norma ISAD (G)","2013-05-07"
"MXIM-AV-1-10-50","","Úrsula Mares","Adaptación de la norma ISAD (G)","2013-05-07"
"MXIM-AV-1-10-51","","Úrsula Mares","Adaptación de la norma ISAD (G)","2013-05-07"
"MXIM-AV-1-10-52","","Úrsula Mares","Adaptación de la norma ISAD (G)","2013-05-07"
"MXIM-AV-1-10-53","","Úrsula Mares","Adaptación de la norma ISAD (G)","2013-05-07"
"MXIM-AV-1-10-54","","Úrsula Mares","Adaptación de la norma ISAD (G)","2013-05-08"
"MXIM-AV-1-10-55","","Úrsula Mares","Adaptación de la norma ISAD (G)","2013-05-08"
"MXIM-AV-1-10-56","","Úrsula Mares","Adaptación de la norma ISAD (G)","2013-05-08"
"MXIM-AV-1-10-57","","Úrsula Mares","Adaptación de la norma ISAD (G)","2013-05-08"
"MXIM-AV-1-10-58","","Úrsula Mares","Adaptación de la norma ISAD (G)","2013-05-08"
"MXIM-AV-1-10-59","","Úrsula Mares","Adaptación de la norma ISAD (G)","2013-05-13"
"MXIM-AV-1-10-60","","Úrsula Mares","Adaptación de la norma ISAD (G)","2013-05-15"
"MXIM-AV-1-10-61","","Úrsula Mares","Adaptación de la norma ISAD (G)","2013-05-15"
"MXIM-AV-1-10-62","","Úrsula Mares","Adaptación de la norma ISAD (G)","2013-05-15"
"MXIM-AV-1-10-63","","Úrsula Mares","Adaptación de la norma ISAD (G)","2013-05-15"
"MXIM-AV-1-10-64","","Úrsula Mares","Adaptación de la norma ISAD (G)","2013-05-08"
"MXIM-AV-1-10-65","","Úrsula Mares","Adaptación de la norma ISAD (G)","2013-05-13"
"MXIM-AV-1-10-66","","Úrsula Mares","Adaptación de la norma ISAD (G)","2012-09-18"
"MXIM-AV-1-10-67","","Úrsula Mares","Adaptación de la norma ISAD (G)","2012-09-27"
"MXIM-AV-1-10-68","","Úrsula Mares","Adaptación de la norma ISAD (G)","2012-09-27"
"MXIM-AV-1-10-69","","Úrsula Mares","Adaptación de la norma ISAD (G)","2012-09-27"
"MXIM-AV-1-10-70","","Úrsula Mares","Adaptación de la norma ISAD (G)","2012-09-27"
"MXIM-AV-1-10-71","","Úrsula Mares","Adaptación de la norma ISAD (G)","2012-09-27"
"MXIM-AV-1-10-72","","Úrsula Mares","Adaptación de la norma ISAD (G)","2012-10-03"
"MXIM-AV-1-10-73","","Úrsula Mares","Adaptación de la norma ISAD (G)","2012-10-03"
"MXIM-AV-1-10-74","","Úrsula Mares","Adaptación de la norma ISAD (G)","2012-10-03"
"MXIM-AV-1-10-75","","Úrsula Mares","Adaptación de la norma ISAD (G)","2012-10-03"
"MXIM-AV-1-10-76","","Úrsula Mares","Adaptación de la norma ISAD (G)","2012-10-03"
"MXIM-AV-1-10-77","","Úrsula Mares","Adaptación de la norma ISAD (G)","2012-10-03"
"MXIM-AV-1-10-78","","Úrsula Mares","Adaptación de la norma ISAD (G)","2012-10-03"
"MXIM-AV-1-10-79","","Elisa D. Espinosa","Adaptación de la norma ISAD (G)","2014-05-06"
"MXIM-AV-1-10-80","","Elisa D. Espinosa","Adaptación de la norma ISAD (G)","2014-05-06"
"MXIM-AV-1-10-81","","Elisa D. Espinosa","Adaptación de la norma ISAD (G)","2014-06-03"
"MXIM-AV-1-10-82","","Elisa D. Espinosa","Adaptación de la norma ISAD (G)","2014-06-03"
"MXIM-AV-1-10-83","","Elisa D. Espinosa","Adaptación de la norma ISAD (G)","2014-06-06"
"MXIM-AV-1-10-84","","Elisa D. Espinosa","Adaptación de la norma ISAD (G)","2013-10-26"
"MXIM-AV-1-10-86","","Elisa D. Espinosa","Adaptación de la norma ISAD (G)","2014-06-02"
"MXIM-AV-1-10-87",": Este documental tenía el código MXIM-AV-1-10-41, el cual coincide con \"Tiempo de victoria: El Salvador, ocho años de guerra\", pero en este Excel el film \"San Clemente\" no estaba identificado.","Elisa D. Espinosa","Adaptación de la norma ISAD (G)","2014-07-14"
"MXIM-AV-1-11-1","","Úrsula Mares","Adaptación de la norma ISAD (G)","2012-10-10"
"MXIM-AV-1-11-2","","Úrsula Mares","Adaptación de la norma ISAD (G)","2012-11-07"
"MXIM-AV-1-11-3","","Úrsula Mares","Adaptación de la norma ISAD (G)","2012-09-20"
"MXIM-AV-1-11-4","","Úrsula Mares","Adaptación de la norma ISAD (G)","2012-08-28"
"MXIM-AV-1-11-5","","","Adaptación de la norma ISAD (G)","2015-06-01"
"MXIM-AV-1-11-6","","Úrsula Mares","Adaptación de la norma ISAD (G)","2012-10-31"
"MXIM-AV-1-11-7","","","Adaptación de la norma ISAD (G)","2015-06-01"
"MXIM-AV-1-11-8","","Úrsula Mares","Adaptación de la norma ISAD (G)","2012-09-20"
"MXIM-AV-1-11-9","","","Adaptación de la norma ISAD (G)","2015-06-01"
"MXIM-AV-1-11-10","","","Adaptación de la norma ISAD (G)","2015-06-01"
"MXIM-AV-1-11-11","","","Adaptación de la norma ISAD (G)","2015-06-01"
"MXIM-AV-1-11-12","","Úrsula Mares","Adaptación de la norma ISAD (G)","2012-09-21"
"MXIM-AV-1-11-13","","Catalogación colectiva","Adaptación de la norma ISAD (G)","2013-08-08"
"MXIM-AV-1-11-14","","","Adaptación de la norma ISAD (G)","2015-06-01"
"MXIM-AV-1-11-15","","Úrsula Mares","Adaptación de la norma ISAD (G)","2012-11-07"
"MXIM-AV-1-11-16","","","Adaptación de la norma ISAD (G)","2015-06-01"
"MXIM-AV-1-11-17","","Catalogación colectiva","Adaptación de la norma ISAD (G)","2013-08-12"
"MXIM-AV-1-11-18","","Catalogación colectiva","Adaptación de la norma ISAD (G)","2013-08-12"
"MXIM-AV-1-11-19","","","Adaptación de la norma ISAD (G)","2015-06-01"
"MXIM-AV-1-11-20","","Úrsula Mares","Adaptación de la norma ISAD (G)","2012-09-28"
"MXIM-AV-1-11-21","","Úrsula Mares","Adaptación de la norma ISAD (G)","2012-09-28"
"MXIM-AV-1-11-22","","Úrsula Mares","Adaptación de la norma ISAD (G)","2012-09-28"
"MXIM-AV-1-11-23","","Úrsula Mares","Adaptación de la norma ISAD (G)","2012-09-01"
"MXIM-AV-1-11-24","","","Adaptación de la norma ISAD (G)","2015-06-01"
"MXIM-AV-1-11-25","","","Adaptación de la norma ISAD (G)","2015-06-01"
"MXIM-AV-1-11-26","","Úrsula Mares","Adaptación de la norma ISAD (G)","2012-10-15"
"MXIM-AV-1-11-27","La fuente original (URL) ya no es válida para la reseña biográfica: http://translate.google.com.mx/translate?hl=es&sl=en&u=http://www2.uol.com.br/mostra/23/english/filmes/148.htm&sa=X&oi=translate&resnum=3&ct=result&prev=/search%3Fq%3DPeter%2BDelpeut%2B%26hl%3Des%26client%3Dfirefox-a%26rls%3Dorg.mozilla:es-ES:official%26sa%3DG","","Adaptación de la norma ISAD (G)","2015-06-01"
"MXIM-AV-1-11-28","","","Adaptación de la norma ISAD (G)","2015-06-01"
"MXIM-AV-1-11-29","","Úrsula Mares","Adaptación de la norma ISAD (G)","2012-10-11"
"MXIM-AV-1-11-30","","","Adaptación de la norma ISAD (G)","2015-06-01"
"MXIM-AV-1-11-31","","","Adaptación de la norma ISAD (G)","2015-06-01"
"MXIM-AV-1-11-32","","Úrsula Mares","Adaptación de la norma ISAD (G)","2012-10-09"
"MXIM-AV-1-11-33","","","Adaptación de la norma ISAD (G)","2015-06-01"
"MXIM-AV-1-11-34","","Úrsula Mares","Adaptación de la norma ISAD (G)","2012-10-09"
"MXIM-AV-1-11-35","","","Adaptación de la norma ISAD (G)","2015-06-01"
"MXIM-AV-1-11-36","","","Adaptación de la norma ISAD (G)","2015-06-01"
"MXIM-AV-1-11-37","","","Adaptación de la norma ISAD (G)","2015-06-01"
"MXIM-AV-1-11-38","","","Adaptación de la norma ISAD (G)","2015-06-01"
"MXIM-AV-1-11-39","","","Adaptación de la norma ISAD (G)","2015-06-01"
"MXIM-AV-1-11-40","","Úrsula Mares","Adaptación de la norma ISAD (G)","2012-11-14"
"MXIM-AV-1-11-41","","Úrsula Mares","Adaptación de la norma ISAD (G)","2012-10-17"
"MXIM-AV-1-11-42","","","Adaptación de la norma ISAD (G)","2015-06-01"
"MXIM-AV-1-11-43","","","Adaptación de la norma ISAD (G)","2015-06-01"
"MXIM-AV-1-11-44","","","Adaptación de la norma ISAD (G)","2015-06-01"
"MXIM-AV-1-11-45","","Úrsula Mares","Adaptación de la norma ISAD (G)","2012-10-10"
"MXIM-AV-1-11-47","","Úrsula Mares","Adaptación de la norma ISAD (G)","2012-11-13"
"MXIM-AV-1-11-48","","Úrsula Mares","Adaptación de la norma ISAD (G)","2012-10-22"
"MXIM-AV-1-11-49","","Úrsula Mares","Adaptación de la norma ISAD (G)","2012-10-11"
"MXIM-AV-1-11-50","","","Adaptación de la norma ISAD (G)","2015-06-01"
"MXIM-AV-1-11-51","","Úrsula Mares","Adaptación de la norma ISAD (G)","2012-11-28"
"MXIM-AV-1-11-52","","Úrsula Mares","Adaptación de la norma ISAD (G)","2012-11-01"
"MXIM-AV-1-11-53","","Úrsula Mares","Adaptación de la norma ISAD (G)","2012-11-23"
"MXIM-AV-1-11-218","","Úrsula Mares","Adaptación de la norma ISAD (G)","2012-11-28"
"MXIM-AV-1-11-219","","Úrsula Mares","Adaptación de la norma ISAD (G)","2012-11-28"
"MXIM-AV-1-11-54","","Úrsula Mares","Adaptación de la norma ISAD (G)","2012-11-07"
"MXIM-AV-1-11-55","","Úrsula Mares","Adaptación de la norma ISAD (G)","2012-11-20"
"MXIM-AV-1-11-56","La fuente para la reseña biográfica es una URL inválida: http://64.233.179.104/translate_c?hl=es&sl=en&u=http://www.iwf.de/va-origins/biograph/eng_2.htm&prev=/search%3Fq%3DBeate%2BEngelbrecht%26hl%3Des%26client%3Dfirefox-a%26channel%3Ds%26rls%3Dorg.mozilla:es-ES:official%26sa%3DG","","Adaptación de la norma ISAD (G)","2015-06-01"
"MXIM-AV-1-11-57","","Úrsula Mares","Adaptación de la norma ISAD (G)","2012-10-17"
"MXIM-AV-1-11-58","La fuente para la reseña biográfica es una URL inválida: Fuente: http://translate.google.com.mx/translate?hl=es&sl=en&u=http://geography.berkeley.edu/projectsresources/CaliforniaThinkers/profiles/glintenkamp.html&sa=X&oi=translate&resnum=1&ct=result&prev=/search%3Fq%3DPAMELA%2BGLINTENKAMP%26hl%3Des%26client%3Dfirefox-a%26channel%3Ds%26rls%3Dorg.mozilla:es-ES:official%26hs%3D4hO%26sa%3DG","","Adaptación de la norma ISAD (G)","2015-06-01"
"MXIM-AV-1-11-59","","","Adaptación de la norma ISAD (G)","2015-06-01"
"MXIM-AV-1-11-60","","","Adaptación de la norma ISAD (G)","2015-06-01"
"MXIM-AV-1-11-61","","","Adaptación de la norma ISAD (G)","2015-06-01"
"MXIM-AV-1-11-62","","Ursula Mares, Elisa Espinosa","Adaptación de la norma ISAD (G)","2014-11-11"
"MXIM-AV-1-11-63","","","Adaptación de la norma ISAD (G)","2015-06-01"
"MXIM-AV-1-11-64","","","Adaptación de la norma ISAD (G)","2015-06-01"
"MXIM-AV-1-11-65","","Úrsula Mares","Adaptación de la norma ISAD (G)","2012-11-06"
"MXIM-AV-1-11-66","En la caja del DVD traía el código MXIM-AV-1-11-159","Úrsula Mares","Adaptación de la norma ISAD (G)","2012-10-11"
"MXIM-AV-1-11-67","","Úrsula Mares","Adaptación de la norma ISAD (G)","2012-10-25"
"MXIM-AV-1-11-68","","","Adaptación de la norma ISAD (G)","2015-06-01"
"MXIM-AV-1-11-69","","Úrsula Mares","Adaptación de la norma ISAD (G)","2012-10-22"
"MXIM-AV-1-11-70","","","Adaptación de la norma ISAD (G)","2015-06-01"
"MXIM-AV-1-11-71","","","Adaptación de la norma ISAD (G)","2015-06-01"
"MXIM-AV-1-11-72","","","Adaptación de la norma ISAD (G)","2015-06-01"
"MXIM-AV-1-11-73","","","Adaptación de la norma ISAD (G)","2015-06-01"
"MXIM-AV-1-11-74","","","Adaptación de la norma ISAD (G)","2015-06-01"
"MXIM-AV-1-11-75","","","Adaptación de la norma ISAD (G)","2015-06-01"
"MXIM-AV-1-11-77","","","Adaptación de la norma ISAD (G)","2015-06-01"
"MXIM-AV-1-11-78","","","Adaptación de la norma ISAD (G)","2015-06-01"
"MXIM-AV-1-11-79","","Úrsula Mares","Adaptación de la norma ISAD (G)","2012-09-02"
"MXIM-AV-1-11-80","","","Adaptación de la norma ISAD (G)","2015-06-01"
"MXIM-AV-1-11-81","","","Adaptación de la norma ISAD (G)","2015-06-01"
"MXIM-AV-1-11-82","","","Adaptación de la norma ISAD (G)","2015-06-01"
"MXIM-AV-1-11-84","","Úrsula Mares","Adaptación de la norma ISAD (G)","2012-11-23"
"MXIM-AV-1-11-85","","Úrsula Mares","Adaptación de la norma ISAD (G)","2012-10-24"
"MXIM-AV-1-11-86","","Úrsula Mares","Adaptación de la norma ISAD (G)","2012-10-24"
"MXIM-AV-1-11-87","","Úrsula Mares","Adaptación de la norma ISAD (G)","2012-11-06"
"MXIM-AV-1-11-88","","","Adaptación de la norma ISAD (G)","2015-06-01"
"MXIM-AV-1-11-89","","","Adaptación de la norma ISAD (G)","2015-06-01"
"MXIM-AV-1-11-90","","Úrsula Mares","Adaptación de la norma ISAD (G)","2012-10-30"
"MXIM-AV-1-11-91","","Úrsula Mares","Adaptación de la norma ISAD (G)","2012-10-03"
"MXIM-AV-1-11-92","","Úrsula Mares","Adaptación de la norma ISAD (G)","2012-10-30"
"MXIM-AV-1-11-93","","Úrsula Mares","Adaptación de la norma ISAD (G)","2012-11-22"
"MXIM-AV-1-11-94","","Úrsula Mares","Adaptación de la norma ISAD (G)","2012-11-09"
"MXIM-AV-1-11-94-1","","Úrsula Mares","Adaptación de la norma ISAD (G)","2012-11-09"
"MXIM-AV-1-11-94-2","","Úrsula Mares","Adaptación de la norma ISAD (G)","2012-11-09"
"MXIM-AV-1-11-95","","Úrsula Mares","Adaptación de la norma ISAD (G)","2012-10-31"
"MXIM-AV-1-11-96","","","Adaptación de la norma ISAD (G)","2015-06-01"
"MXIM-AV-1-11-97","","Úrsula Mares","Adaptación de la norma ISAD (G)","2012-10-31"
"MXIM-AV-1-11-98","","","Adaptación de la norma ISAD (G)","2015-06-01"
"MXIM-AV-1-11-99","","","Adaptación de la norma ISAD (G)","2015-06-01"
"MXIM-AV-1-11-100","","","Adaptación de la norma ISAD (G)","2015-06-01"
"MXIM-AV-1-11-101","","","Adaptación de la norma ISAD (G)","2015-06-01"
"MXIM-AV-1-11-102","","","Adaptación de la norma ISAD (G)","2015-06-01"
"MXIM-AV-1-11-103","","Úrsula Mares","Adaptación de la norma ISAD (G)","2012-11-01"
"MXIM-AV-1-11-104","","","Adaptación de la norma ISAD (G)","2015-06-01"
"MXIM-AV-1-11-105","","","Adaptación de la norma ISAD (G)","2015-06-01"
"MXIM-AV-1-11-106","","","Adaptación de la norma ISAD (G)","2015-06-01"
"MXIM-AV-1-11-108","","","Adaptación de la norma ISAD (G)","2015-06-01"
"MXIM-AV-1-11-109","","","Adaptación de la norma ISAD (G)","2015-06-01"
"MXIM-AV-1-11-110","","","Adaptación de la norma ISAD (G)","2015-06-01"
"MXIM-AV-1-11-111","","","Adaptación de la norma ISAD (G)","2015-06-01"
"MXIM-AV-1-11-112","","Úrsula Mares","Adaptación de la norma ISAD (G)","2012-10-24"
"MXIM-AV-1-11-113","","Úrsula Mares","Adaptación de la norma ISAD (G)","2012-11-05"
"MXIM-AV-1-11-114","","Úrsula Mares","Adaptación de la norma ISAD (G)","2013-06-19"
"MXIM-AV-1-11-115","","","Adaptación de la norma ISAD (G)","2015-06-01"
"MXIM-AV-1-11-116","","","Adaptación de la norma ISAD (G)","2015-06-01"
"MXIM-AV-1-11-117","","","Adaptación de la norma ISAD (G)","2015-06-01"
"MXIM-AV-1-11-118","","","Adaptación de la norma ISAD (G)","2015-06-01"
"MXIM-AV-1-11-119","","","Adaptación de la norma ISAD (G)","2015-06-01"
"MXIM-AV-1-11-120","","Úrsula Mares","Adaptación de la norma ISAD (G)","2012-11-07"
"MXIM-AV-1-11-121","","Úrsula Mares","Adaptación de la norma ISAD (G)","2012-11-07"
"MXIM-AV-1-11-122","","Úrsula Mares","Adaptación de la norma ISAD (G)","2012-11-07"
"MXIM-AV-1-11-123","","Úrsula Mares","Adaptación de la norma ISAD (G)","2012-11-07"
"MXIM-AV-1-11-124","","","Adaptación de la norma ISAD (G)","2015-06-01"
"MXIM-AV-1-11-125","","","Adaptación de la norma ISAD (G)","2015-06-01"
"MXIM-AV-1-11-126","","","Adaptación de la norma ISAD (G)","2015-06-01"
"MXIM-AV-1-11-127","","","Adaptación de la norma ISAD (G)","2015-06-01"
"MXIM-AV-1-11-128","","","Adaptación de la norma ISAD (G)","2015-06-01"
"MXIM-AV-1-11-130","","","Adaptación de la norma ISAD (G)","2015-06-01"
"MXIM-AV-1-11-131","","","Adaptación de la norma ISAD (G)","2015-06-01"
"MXIM-AV-1-11-132","","","Adaptación de la norma ISAD (G)","2015-06-01"
"MXIM-AV-1-11-133","","","Adaptación de la norma ISAD (G)","2015-06-01"
"MXIM-AV-1-11-134","","Úrsula Mares","Adaptación de la norma ISAD (G)","2012-10-25"
"MXIM-AV-1-11-135","","","Adaptación de la norma ISAD (G)","2015-06-01"
"MXIM-AV-1-11-136","","","Adaptación de la norma ISAD (G)","2015-06-01"
"MXIM-AV-1-11-137","","Úrsula Mares","Adaptación de la norma ISAD (G)","2012-11-08"
"MXIM-AV-1-11-138","","","Adaptación de la norma ISAD (G)","2015-06-01"
"MXIM-AV-1-11-139","","","Adaptación de la norma ISAD (G)","2015-06-01"
"MXIM-AV-1-11-141","","Úrsula Mares","Adaptación de la norma ISAD (G)","2012-11-08"
"MXIM-AV-1-11-142","","","Adaptación de la norma ISAD (G)","2015-06-01"
"MXIM-AV-1-11-143","","","Adaptación de la norma ISAD (G)","2015-06-01"
"MXIM-AV-1-11-144","","","Adaptación de la norma ISAD (G)","2015-06-01"
"MXIM-AV-1-11-145","","","Adaptación de la norma ISAD (G)","2015-06-01"
"MXIM-AV-1-11-146","","Úrsula Mares","Adaptación de la norma ISAD (G)","2012-11-09"
"MXIM-AV-1-11-147","","","Adaptación de la norma ISAD (G)","2015-06-01"
"MXIM-AV-1-11-148","","Úrsula Mares","Adaptación de la norma ISAD (G)","2012-09-02"
"MXIM-AV-1-11-149","","","Adaptación de la norma ISAD (G)","2015-06-01"
"MXIM-AV-1-11-150","","Úrsula Mares","Adaptación de la norma ISAD (G)","2012-10-10"
"MXIM-AV-1-11-151","","Tzutzumatzin Soto / Úrsula Mares","Adaptación de la norma ISAD (G)","2013-08-01"
"MXIM-AV-1-11-152","","Úrsula Mares","Adaptación de la norma ISAD (G)","2012-10-02"
"MXIM-AV-1-11-153","","","Adaptación de la norma ISAD (G)","2015-06-01"
"MXIM-AV-1-11-154","","","Adaptación de la norma ISAD (G)","2015-06-01"
"MXIM-AV-1-11-155","","Úrsula Mares","Adaptación de la norma ISAD (G)","2012-10-02"
"MXIM-AV-1-11-156","","Úrsula Mares","Adaptación de la norma ISAD (G)","2012-11-09"
"MXIM-AV-1-11-157","Realización en 1961, reconstrucción y recuperación en 1995","Úrsula Mares / Elisa D. Espinosa","Adaptación de la norma ISAD (G)","2015-01-30"
"MXIM-AV-1-11-158","","Úrsula Mares","Adaptación de la norma ISAD (G)","2012-10-11"
"MXIM-AV-1-11-159","","Úrsula Mares","Adaptación de la norma ISAD (G)","2013-05-03"
"MXIM-AV-1-11-160","","Úrsula Mares","Adaptación de la norma ISAD (G)","2013-06-06"
"MXIM-AV-1-11-161","","Úrsula Mares","Adaptación de la norma ISAD (G)","2013-06-17"
"MXIM-AV-1-11-162","","Úrsula Mares","Adaptación de la norma ISAD (G)","2013-06-17"
"MXIM-AV-1-11-163","","Úrsula Mares","Adaptación de la norma ISAD (G)","2013-05-03"
"MXIM-AV-1-11-164","","Úrsula Mares","Adaptación de la norma ISAD (G)","2013-05-03"
"MXIM-AV-1-11-165","","Úrsula Mares","Adaptación de la norma ISAD (G)","2013-02-05"
"MXIM-AV-1-11-166","","Úrsula Mares","Adaptación de la norma ISAD (G)","2013-02-05"
"MXIM-AV-1-11-167","","Úrsula Mares","Adaptación de la norma ISAD (G)","2013-02-05"
"MXIM-AV-1-11-168","","Úrsula Mares","Adaptación de la norma ISAD (G)","2013-02-05"
"MXIM-AV-1-11-169","","Úrsula Mares","Adaptación de la norma ISAD (G)","2013-02-06"
"MXIM-AV-1-11-170","","Úrsula Mares","Adaptación de la norma ISAD (G)","2013-04-15"
"MXIM-AV-1-11-171","","Úrsula Mares","Adaptación de la norma ISAD (G)","2013-04-15"
"MXIM-AV-1-11-172","","Úrsula Mares","Adaptación de la norma ISAD (G)","2012-09-20"
"MXIM-AV-1-11-173","","Úrsula Mares","Adaptación de la norma ISAD (G)","2012-09-20"
"MXIM-AV-1-11-174","","Úrsula Mares","Adaptación de la norma ISAD (G)","2013-05-07"
"MXIM-AV-1-11-175","","Úrsula Mares","Adaptación de la norma ISAD (G)","2013-05-07"
"MXIM-AV-1-11-176","","Úrsula Mares","Adaptación de la norma ISAD (G)","2013-05-07"
"MXIM-AV-1-11-177","","Úrsula Mares","Adaptación de la norma ISAD (G)","2013-05-07"
"MXIM-AV-1-11-178","","Úrsula Mares","Adaptación de la norma ISAD (G)","2013-05-07"
"MXIM-AV-1-11-179","","Úrsula Mares","Adaptación de la norma ISAD (G)","2013-05-08"
"MXIM-AV-1-11-180","","Úrsula Mares","Adaptación de la norma ISAD (G)","2013-05-08"
"MXIM-AV-1-11-181","","Úrsula Mares","Adaptación de la norma ISAD (G)","2013-05-08"
"MXIM-AV-1-11-182","","Úrsula Mares","Adaptación de la norma ISAD (G)","2013-05-13"
"MXIM-AV-1-11-183","","Úrsula Mares","Adaptación de la norma ISAD (G)","2013-05-13"
"MXIM-AV-1-11-184","","Úrsula Mares","Adaptación de la norma ISAD (G)","2013-05-15"
"MXIM-AV-1-11-185","","Úrsula Mares","Adaptación de la norma ISAD (G)","2013-05-15"
"MXIM-AV-1-11-186","","Úrsula Mares","Adaptación de la norma ISAD (G)","2013-05-15"
"MXIM-AV-1-11-187","","Úrsula Mares","Adaptación de la norma ISAD (G)","2013-05-15"
"MXIM-AV-1-11-188","","Úrsula Mares","Adaptación de la norma ISAD (G)","2013-05-08"
"MXIM-AV-1-11-189","","Úrsula Mares","Adaptación de la norma ISAD (G)","2012-10-15"
"MXIM-AV-1-11-190","","Úrsula Mares","Adaptación de la norma ISAD (G)","2012-10-15"
"MXIM-AV-1-11-191","","Úrsula Mares","Adaptación de la norma ISAD (G)","2012-10-15"
"MXIM-AV-1-11-192","","Úrsula Mares","Adaptación de la norma ISAD (G)","2012-11-14"
"MXIM-AV-1-11-193","","Úrsula Mares","Adaptación de la norma ISAD (G)","2012-11-14"
"MXIM-AV-1-11-194","","Úrsula Mares","Adaptación de la norma ISAD (G)","2012-11-14"
"MXIM-AV-1-11-195","","Úrsula Mares","Adaptación de la norma ISAD (G)","2012-11-14"
"MXIM-AV-1-11-196","","Úrsula Mares","Adaptación de la norma ISAD (G)","2012-11-14"
"MXIM-AV-1-11-197","","Úrsula Mares","Adaptación de la norma ISAD (G)","2012-11-15"
"MXIM-AV-1-11-198","","Úrsula Mares","Adaptación de la norma ISAD (G)","2012-11-15"
"MXIM-AV-1-11-199","","Úrsula Mares","Adaptación de la norma ISAD (G)","2012-11-15"
"MXIM-AV-1-11-200","","Úrsula Mares","Adaptación de la norma ISAD (G)","2012-11-15"
"MXIM-AV-1-11-201","","Úrsula Mares","Adaptación de la norma ISAD (G)","2012-11-16"
"MXIM-AV-1-11-202","","Úrsula Mares","Adaptación de la norma ISAD (G)","2012-11-16"
"MXIM-AV-1-11-203","","Úrsula Mares","Adaptación de la norma ISAD (G)","2012-11-16"
"MXIM-AV-1-11-204","","Úrsula Mares","Adaptación de la norma ISAD (G)","2012-11-16"
"MXIM-AV-1-11-205","","Úrsula Mares","Adaptación de la norma ISAD (G)","2012-11-08"
"MXIM-AV-1-11-207","","","Adaptación de la norma ISAD (G)","0000-00-00"
"MXIM-AV-1-11-208","","","Adaptación de la norma ISAD (G)","2015-06-01"
"MXIM-AV-1-11-209","","","Adaptación de la norma ISAD (G)","2015-06-01"
"MXIM-AV-1-11-210","","Úrsula Mares","Adaptación de la norma ISAD (G)","2013-10-15"
"MXIM-AV-1-11-211","","","Adaptación de la norma ISAD (G)","2015-06-01"
"MXIM-AV-1-11-212","","","Adaptación de la norma ISAD (G)","2015-06-01"
"MXIM-AV-1-11-213","","","Adaptación de la norma ISAD (G)","2015-06-01"
"MXIM-AV-1-11-214","http://www.cubacine.cult.cu/sitios/realizad/bvega.html","","Adaptación de la norma ISAD (G)","2015-06-01"
"MXIM-AV-1-11-215","http://www.cubacine.cult.cu/sitios/realizad/bvega.html","","Adaptación de la norma ISAD (G)","2015-06-01"
"MXIM-AV-1-11-216","","","Adaptación de la norma ISAD (G)","2014-08-07"
"MXIM-AV-1-11-217","","","Adaptación de la norma ISAD (G)","2015-06-01"
"MXIM-AV-1-12-1","","Úrsula Mares","Adaptación de la norma ISAD (G)","2013-06-27"
"MXIM-AV-1-12-2","","Úrsula Mares","Adaptación de la norma ISAD (G)","2013-02-01"
"MXIM-AV-1-12-3","","","Adaptación de la norma ISAD (G)","2015-06-01"
"MXIM-AV-1-12-4","","Úrsula Mares","Adaptación de la norma ISAD (G)","2013-02-20"
"MXIM-AV-1-12-5","","Úrsula Mares","Adaptación de la norma ISAD (G)","2013-02-01"
"MXIM-AV-1-12-6","","","Adaptación de la norma ISAD (G)","2015-06-01"
"MXIM-AV-1-12-7","","","Adaptación de la norma ISAD (G)","2015-06-01"
"MXIM-AV-1-12-8","","","Adaptación de la norma ISAD (G)","2015-06-01"
"MXIM-AV-1-12-9","","","Adaptación de la norma ISAD (G)","2015-06-01"
"MXIM-AV-1-12-10","","Úrsula Mares","Adaptación de la norma ISAD (G)","2013-02-01"
"MXIM-AV-1-12-11","","","Adaptación de la norma ISAD (G)","2015-06-01"
"MXIM-AV-1-12-12","","Úrsula Mares","Adaptación de la norma ISAD (G)","2013-02-06"
"MXIM-AV-1-12-13","","Úrsula Mares","Adaptación de la norma ISAD (G)","2013-02-06"
"MXIM-AV-1-12-14","","Úrsula Mares","Adaptación de la norma ISAD (G)","2012-10-03"
"MXIM-AV-1-12-15","","","Adaptación de la norma ISAD (G)","2015-06-01"
"MXIM-AV-1-12-16","","Úrsula Mares","Adaptación de la norma ISAD (G)","2013-02-06"
"MXIM-AV-1-12-17","","Tzutzumatzin Soto / Úrsula Mares","Adaptación de la norma ISAD (G)","2013-08-01"
"MXIM-AV-1-12-18","","Úrsula Mares","Adaptación de la norma ISAD (G)","2013-02-06"
"MXIM-AV-1-12-19","","Úrsula Mares","Adaptación de la norma ISAD (G)","2013-06-11"
"MXIM-AV-1-12-20","","","Adaptación de la norma ISAD (G)","2015-06-01"
"MXIM-AV-1-12-21","","Úrsula Mares","Adaptación de la norma ISAD (G)","2015-03-15"
"MXIM-AV-1-12-22","","Úrsula Mares","Adaptación de la norma ISAD (G)","2013-02-19"
"MXIM-AV-1-12-23","","","Adaptación de la norma ISAD (G)","2015-06-01"
"MXIM-AV-1-12-24","","","Adaptación de la norma ISAD (G)","2015-06-01"
"MXIM-AV-1-12-25","","Úrsula Mares","Adaptación de la norma ISAD (G)","2013-02-27"
"MXIM-AV-1-12-26","","","Adaptación de la norma ISAD (G)","2015-06-01"
"MXIM-AV-1-12-27","","Úrsula Mares","Adaptación de la norma ISAD (G)","2013-02-28"
"MXIM-AV-1-12-28","","","Adaptación de la norma ISAD (G)","2015-06-01"
"MXIM-AV-1-12-29","","","Adaptación de la norma ISAD (G)","2015-06-01"
"MXIM-AV-1-12-30","","Úrsula Mares","Adaptación de la norma ISAD (G)","2013-03-11"
"MXIM-AV-1-12-31","","Úrsula Mares","Adaptación de la norma ISAD (G)","2013-03-15"
"MXIM-AV-1-12-32","","Úrsula Mares","Adaptación de la norma ISAD (G)","2013-03-19"
"MXIM-AV-1-12-33","","Úrsula Mares","Adaptación de la norma ISAD (G)","2013-05-03"
"MXIM-AV-1-12-34","","Úrsula Mares","Adaptación de la norma ISAD (G)","2013-03-15"
"MXIM-AV-1-12-35","","Úrsula Mares","Adaptación de la norma ISAD (G)","2013-03-19"
"MXIM-AV-1-12-36","","Tzutzumatzin Soto / Úrsula Mares","Adaptación de la norma ISAD (G)","2013-08-01"
"MXIM-AV-1-12-37","","Úrsula Mares","Adaptación de la norma ISAD (G)","2013-04-08"
"MXIM-AV-1-12-38","","Úrsula Mares","Adaptación de la norma ISAD (G)","2013-04-08"
"MXIM-AV-1-12-39","","Úrsula Mares","Adaptación de la norma ISAD (G)","2012-10-03"
"MXIM-AV-1-12-40","","Úrsula Mares","Adaptación de la norma ISAD (G)","2013-07-03"
"MXIM-AV-1-12-41","","Úrsula Mares","Adaptación de la norma ISAD (G)","2013-03-04"
"MXIM-AV-1-12-42","","","Adaptación de la norma ISAD (G)","2015-06-01"
"MXIM-AV-1-12-43","","","Adaptación de la norma ISAD (G)","2015-06-01"
"MXIM-AV-1-12-44","","","Adaptación de la norma ISAD (G)","2015-06-01"
"MXIM-AV-1-12-45","","","Adaptación de la norma ISAD (G)","2015-06-01"
"MXIM-AV-1-12-46","","Tzutzumatzin Soto / Úrsula Mares","Adaptación de la norma ISAD (G)","2013-08-06"
"MXIM-AV-1-12-47","","Úrsula Mares","Adaptación de la norma ISAD (G)","2013-05-15"
"MXIM-AV-1-12-48","","","Adaptación de la norma ISAD (G)","2015-06-01"
"MXIM-AV-1-12-49","","Úrsula Mares","Adaptación de la norma ISAD (G)","2012-11-27"
"MXIM-AV-1-12-50","","Úrsula Mares","Adaptación de la norma ISAD (G)","2013-03-13"
"MXIM-AV-1-12-51","","Úrsula Mares","Adaptación de la norma ISAD (G)","2013-05-20"
"MXIM-AV-1-12-52","","Úrsula Mares","Adaptación de la norma ISAD (G)","2013-05-03"
"MXIM-AV-1-12-53","","Úrsula Mares","Adaptación de la norma ISAD (G)","2013-05-06"
"MXIM-AV-1-12-54","","Úrsula Mares","Adaptación de la norma ISAD (G)","2013-06-26"
"MXIM-AV-1-12-55","","Úrsula Mares","Adaptación de la norma ISAD (G)","2013-05-21"
"MXIM-AV-1-12-55-3","","Úrsula Mares","Adaptación de la norma ISAD (G)","2013-05-21"
"MXIM-AV-1-12-56","","","Adaptación de la norma ISAD (G)","2015-06-01"
"MXIM-AV-1-12-57","","","Adaptación de la norma ISAD (G)","2015-06-01"
"MXIM-AV-1-12-58","","","Adaptación de la norma ISAD (G)","2015-06-01"
"MXIM-AV-1-12-59","","Úrsula Mares","Adaptación de la norma ISAD (G)","2013-05-03"
"MXIM-AV-1-12-60","","Úrsula Mares","Adaptación de la norma ISAD (G)","2013-05-10"
"MXIM-AV-1-12-61","","Colectivo(participación de becarios y servicio social, 2002)","Adaptación de la norma ISAD (G)","2013-08-07"
"MXIM-AV-1-12-62","","Úrsula Mares","Adaptación de la norma ISAD (G)","2013-05-01"
"MXIM-AV-1-12-63","","Úrsula Mares","Adaptación de la norma ISAD (G)","2013-04-25"
"MXIM-AV-1-12-64","","Úrsula Mares","Adaptación de la norma ISAD (G)","2013-05-09"
"MXIM-AV-1-12-65","","Úrsula Mares","Adaptación de la norma ISAD (G)","2013-05-09"
"MXIM-AV-1-12-66","","","Adaptación de la norma ISAD (G)","2015-06-01"
"MXIM-AV-1-12-67","","Úrsula Mares","Adaptación de la norma ISAD (G)","2013-05-09"
"MXIM-AV-1-12-68","","Úrsula Mares","Adaptación de la norma ISAD (G)","2013-05-10"
"MXIM-AV-1-12-69","","Úrsula Mares","Adaptación de la norma ISAD (G)","2013-04-29"
"MXIM-AV-1-12-70","","Úrsula Mares","Adaptación de la norma ISAD (G)","2013-04-29"
"MXIM-AV-1-12-71","","Úrsula Mares","Adaptación de la norma ISAD (G)","2013-04-30"
"MXIM-AV-1-12-72","","Úrsula Mares","Adaptación de la norma ISAD (G)","2013-04-30"
"MXIM-AV-1-12-73","","Úrsula Mares","Adaptación de la norma ISAD (G)","2013-04-30"
"MXIM-AV-1-12-74","","Úrsula Mares","Adaptación de la norma ISAD (G)","2013-05-02"
"MXIM-AV-1-12-75","","Úrsula Mares","Adaptación de la norma ISAD (G)","2013-04-29"
"MXIM-AV-1-12-76","","Úrsula Mares","Adaptación de la norma ISAD (G)","2013-04-29"
"MXIM-AV-1-12-77","","Úrsula Mares","Adaptación de la norma ISAD (G)","2013-05-02"
"MXIM-AV-1-12-78","","Úrsula Mares","Adaptación de la norma ISAD (G)","2013-02-06"
"MXIM-AV-1-12-79","","Úrsula Mares","Adaptación de la norma ISAD (G)","2012-10-03"
"MXIM-AV-1-12-80","","","Adaptación de la norma ISAD (G)","2015-06-01"
"MXIM-AV-1-12-81","","","Adaptación de la norma ISAD (G)","2015-06-01"
"MXIM-AV-1-12-82","","","Adaptación de la norma ISAD (G)","2015-06-01"
"MXIM-AV-1-12-83","","","Adaptación de la norma ISAD (G)","2015-06-01"
"MXIM-AV-1-12-84","","","Adaptación de la norma ISAD (G)","2015-06-01"
"MXIM-AV-1-12-85","","Úrsula Mares","Adaptación de la norma ISAD (G)","2012-10-04"
"MXIM-AV-1-12-86","","Úrsula Mares","Adaptación de la norma ISAD (G)","2013-05-03"
"MXIM-AV-1-12-87","","Catalogación colectiva","Adaptación de la norma ISAD (G)","2013-08-13"
"MXIM-AV-1-12-88","","Úrsula Mares","Adaptación de la norma ISAD (G)","2013-07-01"
"MXIM-AV-1-12-89","","Úrsula Mares","Adaptación de la norma ISAD (G)","2013-07-01"
"MXIM-AV-1-12-90","","Úrsula Mares","Adaptación de la norma ISAD (G)","2013-07-01"
"MXIM-AV-1-12-91","","Úrsula Mares","Adaptación de la norma ISAD (G)","2013-07-01"
"MXIM-AV-1-12-92","","Úrsula Mares","Adaptación de la norma ISAD (G)","2013-06-13"
"MXIM-AV-1-12-93","","Úrsula Mares","Adaptación de la norma ISAD (G)","2013-06-13"
"MXIM-AV-1-12-94","","Úrsula Mares","Adaptación de la norma ISAD (G)","2013-06-13"
"MXIM-AV-1-12-95","","Úrsula Mares","Adaptación de la norma ISAD (G)","2012-12-03"
"MXIM-AV-1-12-96","","Úrsula Mares","Adaptación de la norma ISAD (G)","2012-11-30"
"MXIM-AV-1-12-97","","Úrsula Mares","Adaptación de la norma ISAD (G)","2013-06-17"
"MXIM-AV-1-12-98","","Úrsula Mares","Adaptación de la norma ISAD (G)","2013-06-17"
"MXIM-AV-1-12-99","","","Adaptación de la norma ISAD (G)","2015-06-01"
"MXIM-AV-1-12-100","","Úrsula Mares","Adaptación de la norma ISAD (G)","2013-05-15"
"MXIM-AV-1-12-101","","Úrsula Mares","Adaptación de la norma ISAD (G)","2013-05-10"
"MXIM-AV-1-12-102","","Úrsula Mares","Adaptación de la norma ISAD (G)","2013-05-10"
"MXIM-AV-1-12-103","","Úrsula Mares","Adaptación de la norma ISAD (G)","2013-05-10"
"MXIM-AV-1-12-104","","Úrsula Mares","Adaptación de la norma ISAD (G)","2013-05-15"
"MXIM-AV-1-12-105","","Úrsula Mares","Adaptación de la norma ISAD (G)","2013-05-20"
"MXIM-AV-1-12-106","","Úrsula Mares","Adaptación de la norma ISAD (G)","2013-05-20"
"MXIM-AV-1-12-107","","Úrsula Mares","Adaptación de la norma ISAD (G)","2013-05-22"
"MXIM-AV-1-12-108","","Úrsula Mares","Adaptación de la norma ISAD (G)","2013-08-20"
"MXIM-AV-1-12-109","","Úrsula Mares","Adaptación de la norma ISAD (G)","2013-05-20"
"MXIM-AV-1-12-110","","","Adaptación de la norma ISAD (G)","2015-06-01"
"MXIM-AV-1-12-111","","","Adaptación de la norma ISAD (G)","2015-06-01"
"MXIM-AV-1-12-112","","","Adaptación de la norma ISAD (G)","2015-06-01"
"MXIM-AV-1-12-113","","","Adaptación de la norma ISAD (G)","2015-06-01"
"MXIM-AV-1-12-114","","Úrsula Mares","Adaptación de la norma ISAD (G)","2013-05-22"
"MXIM-AV-1-12-115","http://www.elccc.mx/sitio/index.php/produccion-filmica-2/2000-2009/2006/794","Úrsula Mares","Adaptación de la norma ISAD (G)","2013-03-04"
"MXIM-AV-1-12-116","","Úrsula Mares","Adaptación de la norma ISAD (G)","2013-08-20"
"MXIM-AV-1-12-117","","","Adaptación de la norma ISAD (G)","2015-06-01"
"MXIM-AV-1-12-118","","","Adaptación de la norma ISAD (G)","2015-06-01"
"MXIM-AV-1-12-119","","Úrsula Mares","Adaptación de la norma ISAD (G)","2013-06-10"
"MXIM-AV-1-12-120","","Úrsula Mares","Adaptación de la norma ISAD (G)","2013-05-16"
"MXIM-AV-1-12-121","","Úrsula Mares","Adaptación de la norma ISAD (G)","2013-06-05"
"MXIM-AV-1-12-122","","Úrsula Mares","Adaptación de la norma ISAD (G)","2013-08-26"
"MXIM-AV-1-12-123","","","Adaptación de la norma ISAD (G)","2015-06-01"
"MXIM-AV-1-12-124","","Úrsula Mares","Adaptación de la norma ISAD (G)","2013-05-16"
"MXIM-AV-1-12-125","","","Adaptación de la norma ISAD (G)","2015-06-01"
"MXIM-AV-1-12-126","","","Adaptación de la norma ISAD (G)","2015-06-01"
"MXIM-AV-1-12-127","","","Adaptación de la norma ISAD (G)","2015-06-01"
"MXIM-AV-1-12-128","","Úrsula Mares","Adaptación de la norma ISAD (G)","2013-05-27"
"MXIM-AV-1-12-129","","Úrsula Mares","Adaptación de la norma ISAD (G)","2013-09-22"
"MXIM-AV-1-12-130","\"Nacidos en los burdeles, de Ross Dauffman y Zana Briski\", por Fernanda Solórzano, Revista electrónica Letras Libres, Artes y Medios, octubre 2005, consultado el 05 de marzo del 2013. Ver en: http://www.letraslibres.com/revista/artes-y-medios/nacidos-en-los-burdeles-de-ross-dauffman-y-zana-briski","Úrsula Mares","Adaptación de la norma ISAD (G)","2013-03-05"
"MXIM-AV-1-12-132","","Úrsula Mares","Adaptación de la norma ISAD (G)","2013-05-27"
"MXIM-AV-1-12-133","","Úrsula Mares","Adaptación de la norma ISAD (G)","2013-05-27"
"MXIM-AV-1-12-134","","","Adaptación de la norma ISAD (G)","2015-06-01"
"MXIM-AV-1-12-135","","Úrsula Mares","Adaptación de la norma ISAD (G)","2013-05-28"
"MXIM-AV-1-12-136","","","Adaptación de la norma ISAD (G)","2015-06-01"
"MXIM-AV-1-12-137","","","Adaptación de la norma ISAD (G)","2015-06-01"
"MXIM-AV-1-12-138","http://www.filmaffinity.com/es/film356451.html","Úrsula Mares","Adaptación de la norma ISAD (G)","2013-03-13"
"MXIM-AV-1-12-139","","Úrsula Mares","Adaptación de la norma ISAD (G)","2013-05-08"
"MXIM-AV-1-12-140","","Úrsula Mares","Adaptación de la norma ISAD (G)","2013-05-07"
"MXIM-AV-1-12-141","","","Adaptación de la norma ISAD (G)","2015-06-01"
"MXIM-AV-1-12-141-6","","Úrsula Mares","Adaptación de la norma ISAD (G)","2013-05-08"
"MXIM-AV-1-12-141-7","","Úrsula Mares","Adaptación de la norma ISAD (G)","2013-05-08"
"MXIM-AV-1-12-141-8","","Úrsula Mares","Adaptación de la norma ISAD (G)","2013-05-08"
"MXIM-AV-1-12-142","","","Adaptación de la norma ISAD (G)","2015-06-01"
"MXIM-AV-1-12-143","","","Adaptación de la norma ISAD (G)","2015-06-01"
"MXIM-AV-1-12-144","","","Adaptación de la norma ISAD (G)","2015-06-01"
"MXIM-AV-1-12-145","","Úrsula Mares","Adaptación de la norma ISAD (G)","2013-05-22"
"MXIM-AV-1-12-146","","","Adaptación de la norma ISAD (G)","2015-06-01"
"MXIM-AV-1-12-147","","Úrsula Mares","Adaptación de la norma ISAD (G)","2013-05-22"
"MXIM-AV-1-12-148","","Úrsula Mares","Adaptación de la norma ISAD (G)","2013-05-23"
"MXIM-AV-1-12-149","","Úrsula Mares","Adaptación de la norma ISAD (G)","2013-05-21"
"MXIM-AV-1-12-150","","Úrsula Mares","Adaptación de la norma ISAD (G)","2013-06-05"
"MXIM-AV-1-12-151","","","Adaptación de la norma ISAD (G)","2015-06-01"
"MXIM-AV-1-12-152","","Úrsula Mares","Adaptación de la norma ISAD (G)","2013-06-27"
"MXIM-AV-1-12-153","","","Adaptación de la norma ISAD (G)","2015-06-01"
"MXIM-AV-1-12-154","","Úrsula Mares","Adaptación de la norma ISAD (G)","2013-08-26"
"MXIM-AV-1-12-155","","Úrsula Mares","Adaptación de la norma ISAD (G)","2013-06-26"
"MXIM-AV-1-12-156","","","Adaptación de la norma ISAD (G)","2015-06-01"
"MXIM-AV-1-12-157","","","Adaptación de la norma ISAD (G)","2015-06-01"
"MXIM-AV-1-12-158","","Úrsula Mares","Adaptación de la norma ISAD (G)","2013-03-13"
"MXIM-AV-1-12-159","","Úrsula Mares","Adaptación de la norma ISAD (G)","2013-06-05"
"MXIM-AV-1-12-160","","Úrsula Mares","Adaptación de la norma ISAD (G)","2013-08-27"
"MXIM-AV-1-12-161","","Úrsula Mares","Adaptación de la norma ISAD (G)","2013-06-04"
"MXIM-AV-1-12-162","","","Adaptación de la norma ISAD (G)","2015-06-01"
"MXIM-AV-1-12-163","","Úrsula Mares","Adaptación de la norma ISAD (G)","2013-05-21"
"MXIM-AV-1-12-164","","Úrsula Mares","Adaptación de la norma ISAD (G)","2013-06-06"
"MXIM-AV-1-12-165","","","Adaptación de la norma ISAD (G)","2015-06-01"
"MXIM-AV-1-12-166","","","Adaptación de la norma ISAD (G)","2015-06-01"
"MXIM-AV-1-12-167","","","Adaptación de la norma ISAD (G)","2015-06-01"
"MXIM-AV-1-12-168","","Úrsula Mares","Adaptación de la norma ISAD (G)","2013-04-15"
"MXIM-AV-1-12-169","","Úrsula Mares","Adaptación de la norma ISAD (G)","2013-04-10"
"MXIM-AV-1-12-170","","","Adaptación de la norma ISAD (G)","2015-06-01"
"MXIM-AV-1-12-171","","Úrsula Mares","Adaptación de la norma ISAD (G)","2013-05-30"
"MXIM-AV-1-12-172","","Úrsula Mares","Adaptación de la norma ISAD (G)","2013-04-17"
"MXIM-AV-1-12-173","","Úrsula Mares","Adaptación de la norma ISAD (G)","2013-04-11"
"MXIM-AV-1-12-174","","Úrsula Mares","Adaptación de la norma ISAD (G)","2013-04-11"
"MXIM-AV-1-12-175","","Úrsula Mares","Adaptación de la norma ISAD (G)","2013-04-12"
"MXIM-AV-1-12-176","","Úrsula Mares","Adaptación de la norma ISAD (G)","2013-04-12"
"MXIM-AV-1-12-177","","Úrsula Mares","Adaptación de la norma ISAD (G)","2013-04-12"
"MXIM-AV-1-12-178","","Úrsula Mares","Adaptación de la norma ISAD (G)","2013-04-12"
"MXIM-AV-1-12-179","","Úrsula Mares","Adaptación de la norma ISAD (G)","2013-04-17"
"MXIM-AV-1-12-180","","Úrsula Mares","Adaptación de la norma ISAD (G)","2013-07-04"
"MXIM-AV-1-12-182","","","Adaptación de la norma ISAD (G)","2015-06-01"
"MXIM-AV-1-12-183","","Úrsula Mares","Adaptación de la norma ISAD (G)","2013-08-27"
"MXIM-AV-1-12-184","","Úrsula Mares","Adaptación de la norma ISAD (G)","2013-05-13"
"MXIM-AV-1-12-185","","Úrsula Mares","Adaptación de la norma ISAD (G)","2013-02-19"
"MXIM-AV-1-12-186","","","Adaptación de la norma ISAD (G)","2015-06-01"
"MXIM-AV-1-12-187","","","Adaptación de la norma ISAD (G)","2015-06-01"
"MXIM-AV-1-12-356","","","Adaptación de la norma ISAD (G)","2015-06-01"
"MXIM-AV-1-12-354","","","Adaptación de la norma ISAD (G)","2015-06-01"
"MXIM-AV-1-12-355","","","Adaptación de la norma ISAD (G)","2015-06-01"
"MXIM-AV-1-12-357","","","Adaptación de la norma ISAD (G)","2015-06-01"
"MXIM-AV-1-12-358","","","Adaptación de la norma ISAD (G)","2015-06-01"
"MXIM-AV-1-12-359","","","Adaptación de la norma ISAD (G)","2015-06-01"
"MXIM-AV-1-12-360","","","Adaptación de la norma ISAD (G)","2015-06-01"
"MXIM-AV-1-12-361","","","Adaptación de la norma ISAD (G)","2015-06-01"
"MXIM-AV-1-12-362","","","Adaptación de la norma ISAD (G)","2015-06-01"
"MXIM-AV-1-12-363","","","Adaptación de la norma ISAD (G)","2015-06-01"
"MXIM-AV-1-12-364","","","Adaptación de la norma ISAD (G)","2015-06-01"
"MXIM-AV-1-12-189","","Úrsula Mares","Adaptación de la norma ISAD (G)","2013-06-25"
"MXIM-AV-1-12-190","","Úrsula Mares","Adaptación de la norma ISAD (G)","2013-06-25"
"MXIM-AV-1-12-191","","Úrsula Mares","Adaptación de la norma ISAD (G)","2013-06-25"
"MXIM-AV-1-12-192","","Úrsula Mares","Adaptación de la norma ISAD (G)","2013-06-25"
"MXIM-AV-1-12-193","","Úrsula Mares","Adaptación de la norma ISAD (G)","2013-06-25"
"MXIM-AV-1-12-194","","Úrsula Mares","Adaptación de la norma ISAD (G)","2013-06-25"
"MXIM-AV-1-12-195","","Úrsula Mares","Adaptación de la norma ISAD (G)","2013-06-26"
"MXIM-AV-1-12-196","","Úrsula Mares","Adaptación de la norma ISAD (G)","2013-06-26"
"MXIM-AV-1-12-197","","Úrsula Mares","Adaptación de la norma ISAD (G)","2013-06-26"
"MXIM-AV-1-12-198","","Úrsula Mares","Adaptación de la norma ISAD (G)","2013-06-26"
"MXIM-AV-1-12-199","","","Adaptación de la norma ISAD (G)","2015-06-01"
"MXIM-AV-1-12-200","","","Adaptación de la norma ISAD (G)","2015-06-01"
"MXIM-AV-1-12-201","","","Adaptación de la norma ISAD (G)","2015-06-01"
"MXIM-AV-1-12-202","","","Adaptación de la norma ISAD (G)","2015-06-01"
"MXIM-AV-1-12-203","","","Adaptación de la norma ISAD (G)","2015-06-01"
"MXIM-AV-1-12-204","","","Adaptación de la norma ISAD (G)","2015-06-01"
"MXIM-AV-1-12-205","","","Adaptación de la norma ISAD (G)","2015-06-01"
"MXIM-AV-1-12-206","","","Adaptación de la norma ISAD (G)","2015-06-01"
"MXIM-AV-1-12-207","","","Adaptación de la norma ISAD (G)","2015-06-01"
"MXIM-AV-1-12-208","","","Adaptación de la norma ISAD (G)","2015-06-01"
"MXIM-AV-1-12-209","","","Adaptación de la norma ISAD (G)","2015-06-01"
"MXIM-AV-1-12-210","","","Adaptación de la norma ISAD (G)","2015-06-01"
"MXIM-AV-1-12-211","","Úrsula Mares","Adaptación de la norma ISAD (G)","2013-05-29"
"MXIM-AV-1-12-212","","Úrsula Mares","Adaptación de la norma ISAD (G)","2013-05-29"
"MXIM-AV-1-12-213","","Úrsula Mares","Adaptación de la norma ISAD (G)","2013-05-29"
"MXIM-AV-1-12-214","http://www.avalon.me/ http://www.wernerherzog.com/102.html","Úrsula Mares","Adaptación de la norma ISAD (G)","2013-03-06"
"MXIM-AV-1-12-215","","Úrsula Mares","Adaptación de la norma ISAD (G)","2013-02-21"
"MXIM-AV-1-12-216","","Úrsula Mares","Adaptación de la norma ISAD (G)","2013-02-21"
"MXIM-AV-1-12-217","","","Adaptación de la norma ISAD (G)","2015-06-01"
"MXIM-AV-1-12-218","","Úrsula Mares","Adaptación de la norma ISAD (G)","2012-09-05"
"MXIM-AV-1-12-219","","Úrsula Mares","Adaptación de la norma ISAD (G)","2012-09-06"
"MXIM-AV-1-12-220","","Úrsula Mares","Adaptación de la norma ISAD (G)","2012-09-07"
"MXIM-AV-1-12-221","","Úrsula Mares","Adaptación de la norma ISAD (G)","2013-05-30"
"MXIM-AV-1-12-222","","Úrsula Mares","Adaptación de la norma ISAD (G)","2012-09-07"
"MXIM-AV-1-12-223","","Úrsula Mares","Adaptación de la norma ISAD (G)","2012-09-10"
"MXIM-AV-1-12-224","","Úrsula Mares","Adaptación de la norma ISAD (G)","2012-09-10"
"MXIM-AV-1-12-225","","Úrsula Mares","Adaptación de la norma ISAD (G)","2012-09-10"
"MXIM-AV-1-12-226","","Úrsula Mares","Adaptación de la norma ISAD (G)","2012-09-11"
"MXIM-AV-1-12-227","","Úrsula Mares","Adaptación de la norma ISAD (G)","2012-10-04"
"MXIM-AV-1-12-228","","Úrsula Mares","Adaptación de la norma ISAD (G)","2013-05-30"
"MXIM-AV-1-12-229","","Úrsula Mares","Adaptación de la norma ISAD (G)","2013-04-09"
"MXIM-AV-1-12-230","","Úrsula Mares","Adaptación de la norma ISAD (G)","2012-10-18"
"MXIM-AV-1-12-231","","Úrsula Mares","Adaptación de la norma ISAD (G)","2012-11-01"
"MXIM-AV-1-12-238","","Úrsula Mares","Adaptación de la norma ISAD (G)","2013-06-19"
"MXIM-AV-1-12-239","","Úrsula Mares","Adaptación de la norma ISAD (G)","2013-06-20"
"MXIM-AV-1-12-240","","Úrsula Mares","Adaptación de la norma ISAD (G)","2013-06-24"
"MXIM-AV-1-12-241","","Úrsula Mares","Adaptación de la norma ISAD (G)","2012-11-15"
"MXIM-AV-1-12-242","","","Adaptación de la norma ISAD (G)","2015-06-01"
"MXIM-AV-1-12-243","","Úrsula Mares","Adaptación de la norma ISAD (G)","2013-04-10"
"MXIM-AV-1-12-244","","Úrsula Mares","Adaptación de la norma ISAD (G)","2013-02-18"
"MXIM-AV-1-12-245","","Úrsula Mares","Adaptación de la norma ISAD (G)","2013-03-15"
"MXIM-AV-1-12-246","","Úrsula Mares","Adaptación de la norma ISAD (G)","2013-03-15"
"MXIM-AV-1-12-247","","Úrsula Mares","Adaptación de la norma ISAD (G)","2013-03-15"
"MXIM-AV-1-12-248","","Úrsula Mares","Adaptación de la norma ISAD (G)","2013-03-15"
"MXIM-AV-1-12-249","","Úrsula Mares","Adaptación de la norma ISAD (G)","2013-03-15"
"MXIM-AV-1-12-250","","Úrsula Mares","Adaptación de la norma ISAD (G)","2013-03-15"
"MXIM-AV-1-12-251","","Úrsula Mares","Adaptación de la norma ISAD (G)","2013-03-15"
"MXIM-AV-1-12-252","","Úrsula Mares","Adaptación de la norma ISAD (G)","2013-03-15"
"MXIM-AV-1-12-253","","Úrsula Mares","Adaptación de la norma ISAD (G)","2013-03-16"
"MXIM-AV-1-12-254","","Úrsula Mares","Adaptación de la norma ISAD (G)","2013-03-16"
"MXIM-AV-1-12-255","","Úrsula Mares","Adaptación de la norma ISAD (G)","2013-02-28"
"MXIM-AV-1-12-256","","Úrsula Mares","Adaptación de la norma ISAD (G)","2013-02-28"
"MXIM-AV-1-12-257","","Úrsula Mares","Adaptación de la norma ISAD (G)","2013-02-28"
"MXIM-AV-1-12-258","","Úrsula Mares","Adaptación de la norma ISAD (G)","2013-02-28"
"MXIM-AV-1-12-260","","Felipe Morales L","Adaptación de la norma ISAD (G)","2013-04-26"
"MXIM-AV-1-12-261","Sinopsis de la caja","Úrsula Mares","Adaptación de la norma ISAD (G)","2013-07-04"
"MXIM-AV-1-12-262","Sinopsis de la caja","Úrsula Mares","Adaptación de la norma ISAD (G)","2013-07-04"
"MXIM-AV-1-12-263","Sinopsis de la caja","Úrsula Mares","Adaptación de la norma ISAD (G)","2013-07-04"
"MXIM-AV-1-12-264","Sinopsis de la caja","Úrsula Mares","Adaptación de la norma ISAD (G)","2013-07-05"
"MXIM-AV-1-12-265","Sinopsis de la caja","Úrsula Mares","Adaptación de la norma ISAD (G)","2013-07-05"
"MXIM-AV-1-12-266","Sinopsis del video original","Úrsula Mares","Adaptación de la norma ISAD (G)","2013-04-18"
"MXIM-AV-1-12-267","Sinopsis del video","Úrsula Mares","Adaptación de la norma ISAD (G)","2013-04-18"
"MXIM-AV-1-12-268","","Úrsula Mares","Adaptación de la norma ISAD (G)","2013-04-18"
"MXIM-AV-1-12-269","Sinopsis en el video","Úrsula Mares","Adaptación de la norma ISAD (G)","2013-04-18"
"MXIM-AV-1-12-270","","Úrsula Mares","Adaptación de la norma ISAD (G)","2013-04-18"
"MXIM-AV-1-12-271","Sinopsis en el video","Úrsula Mares","Adaptación de la norma ISAD (G)","2013-04-18"
"MXIM-AV-1-12-272","Sinopsis de la caja","Úrsula Mares","Adaptación de la norma ISAD (G)","2013-04-19"
"MXIM-AV-1-12-273","Sinopsis del video","Úrsula Mares","Adaptación de la norma ISAD (G)","2013-04-19"
"MXIM-AV-1-12-274","Sinopsis del video","Úrsula Mares","Adaptación de la norma ISAD (G)","2013-04-19"
"MXIM-AV-1-12-275","Sinopsis del video","Úrsula Mares","Adaptación de la norma ISAD (G)","2013-04-19"
"MXIM-AV-1-12-276","Sinopsis del video","Úrsula Mares","Adaptación de la norma ISAD (G)","2013-04-19"
"MXIM-AV-1-12-277","Sinopsis del video","Úrsula Mares","Adaptación de la norma ISAD (G)","2013-04-19"
"MXIM-AV-1-12-278","Sinopsis del video","Úrsula Mares","Adaptación de la norma ISAD (G)","2013-04-19"
"MXIM-AV-1-12-279","Sinopsis del video","Úrsula Mares","Adaptación de la norma ISAD (G)","2013-04-19"
"MXIM-AV-1-12-280","Sinopsis del video","Úrsula Mares","Adaptación de la norma ISAD (G)","2013-04-18"
"MXIM-AV-1-12-281","Sinopsis del video","Úrsula Mares","Adaptación de la norma ISAD (G)","2013-04-18"
"MXIM-AV-1-12-282","","Úrsula Mares","Adaptación de la norma ISAD (G)","2013-08-29"
"MXIM-AV-1-12-283","","Úrsula Mares","Adaptación de la norma ISAD (G)","2013-08-29"
"MXIM-AV-1-12-284","","Úrsula Mares","Adaptación de la norma ISAD (G)","2013-08-30"
"MXIM-AV-1-12-285","","","Adaptación de la norma ISAD (G)","2015-06-01"
"MXIM-AV-1-12-286","","","","2015-06-01"
"MXIM-AV-1-12-291","","Úrsula Mares","Adaptación de la norma ISAD (G)","2013-09-25"
"MXIM-AV-1-12-292","","Úrsula Mares","Adaptación de la norma ISAD (G)","2013-09-25"
"MXIM-AV-1-12-293","","Úrsula Mares","Adaptación de la norma ISAD (G)","2013-09-30"
"MXIM-AV-1-12-294","","","Adaptación de la norma ISAD (G)","2015-06-01"
"MXIM-AV-1-12-295","","","Adaptación de la norma ISAD (G)","2015-06-01"
"MXIM-AV-1-12-296","","","Adaptación de la norma ISAD (G)","2015-06-01"
"MXIM-AV-1-12-297","","","Adaptación de la norma ISAD (G)","2015-06-01"
"MXIM-AV-1-12-298","Sinopsis en caja","","","2015-06-01"
"MXIM-AV-1-12-299","","Úrsula Mares","Adaptación de la norma ISAD (G)","2013-11-09"
"MXIM-AV-1-12-300","","","Adaptación de la norma ISAD (G)","2015-06-01"
"MXIM-AV-1-12-301","Sinopsis en disco","","Adaptación de la norma ISAD (G)","2015-06-01"
"MXIM-AV-1-12-302","Sinopsis en disco","","Adaptación de la norma ISAD (G)","2015-06-01"
"MXIM-AV-1-12-303","Sinopsis en disco","","Adaptación de la norma ISAD (G)","2015-06-01"
"MXIM-AV-1-12-304","Sinopsis en disco","","Adaptación de la norma ISAD (G)","2015-06-01"
"MXIM-AV-1-12-305","Sinopsis en disco","","Adaptación de la norma ISAD (G)","2015-06-01"
"MXIM-AV-1-12-306","Sinopsis en disco","","Adaptación de la norma ISAD (G)","2015-06-01"
"MXIM-AV-1-12-307","Sinopsis en disco","","Adaptación de la norma ISAD (G)","2015-06-01"
"MXIM-AV-1-12-308","","","Adaptación de la norma ISAD (G)","2015-06-01"
"MXIM-AV-1-12-309","","","Adaptación de la norma ISAD (G)","2015-06-01"
"MXIM-AV-1-12-310","","","Adaptación de la norma ISAD (G)","2015-06-01"
"MXIM-AV-1-12-311","","","Adaptación de la norma ISAD (G)","2015-06-01"
"MXIM-AV-1-12-312","","","Adaptación de la norma ISAD (G)","2015-06-01"
"MXIM-AV-1-12-313","","","Adaptación de la norma ISAD (G)","2015-06-01"
"MXIM-AV-1-12-314","","","Adaptación de la norma ISAD (G)","2015-06-01"
"MXIM-AV-1-12-315","","","Adaptación de la norma ISAD (G)","2015-06-01"
"MXIM-AV-1-12-316","","","Adaptación de la norma ISAD (G)","2015-06-01"
"MXIM-AV-1-12-317","","","Adaptación de la norma ISAD (G)","2015-06-01"
"MXIM-AV-1-12-318","","","Adaptación de la norma ISAD (G)","2015-06-01"
"MXIM-AV-1-12-319","","","Adaptación de la norma ISAD (G)","2015-06-01"
"MXIM-AV-1-12-320","","","Adaptación de la norma ISAD (G)","2015-06-01"
"MXIM-AV-1-12-321","","","Adaptación de la norma ISAD (G)","2015-06-01"
"MXIM-AV-1-12-322","","","Adaptación de la norma ISAD (G)","2015-06-01"
"MXIM-AV-1-12-323","","","Adaptación de la norma ISAD (G)","2015-06-01"
"MXIM-AV-1-12-324","","","Adaptación de la norma ISAD (G)","2015-06-01"
"MXIM-AV-1-12-325","","","Adaptación de la norma ISAD (G)","2015-06-01"
"MXIM-AV-1-12-326","","","Adaptación de la norma ISAD (G)","2015-06-01"
"MXIM-AV-1-12-327","","","Adaptación de la norma ISAD (G)","2015-06-01"
"MXIM-AV-1-12-328","","","","2015-06-01"
"MXIM-AV-1-12-329","","Úrsula Mares","Adaptación de la norma ISAD (G)","2013-11-08"
"MXIM-AV-1-12-330","","Úrsula Mares","Adaptación de la norma ISAD (G)","2012-12-03"
"MXIM-AV-1-12-331","","Elisa Dolores Espinosa Cruz","Adaptación de la norma ISAD (G)","2014-05-23"
"MXIM-AV-1-12-332","","Elisa Dolores Espinosa Cruz","Adaptación de la norma ISAD (G)","2014-06-05"
"MXIM-AV-1-12-333","","Elisa Dolores Espinosa Cruz","Adaptación de la norma ISAD (G)","2014-06-05"
"MXIM-AV-1-12-334","","Elisa Dolores Espinosa Cruz","Adaptación de la norma ISAD (G)","2014-06-09"
"MXIM-AV-1-12-335","","Elisa Dolores Espinosa Cruz","Adaptación de la norma ISAD (G)","2014-06-09"
"MXIM-AV-1-12-336","","Elisa Dolores Espinosa Cruz","Adaptación de la norma ISAD (G)","2014-06-10"
"MXIM-AV-1-12-337","","Elisa Dolores Espinosa Cruz","Adaptación de la norma ISAD (G)","2014-06-10"
"MXIM-AV-1-4-7","","Úrsula Mares/ Elisa Espinosa","Adaptación de la norma ISAD (G)","2014-08-20"
"MXIM-AV-1-12-339","","Elisa Dolores Espinosa Cruz","Adaptación de la norma ISAD (G)","2014-07-07"
"MXIM-AV-1-12-340","","Elisa Dolores Espinosa Cruz","Adaptación de la norma ISAD (G)","2014-07-08"
"MXIM-AV-1-12-341","","Elisa Dolores Espinosa Cruz","Adaptación de la norma ISAD (G)","2014-07-10"
"MXIM-AV-1-12-342","","Elisa Dolores Espinosa Cruz","Adaptación de la norma ISAD (G)","2014-07-11"
"MXIM-AV-1-12-343","","Elisa Dolores Espinosa Cruz","Adaptación de la norma ISAD (G)","2014-07-11"
"MXIM-AV-1-12-344","","Elisa Dolores Espinosa Cruz","Adaptación de la norma ISAD (G)","2014-08-14"
"MXIM-AV-1-12-345","","Elisa Dolores Espinosa Cruz","Adaptación de la norma ISAD (G)","2014-08-29"
"MXIM-AV-1-12-346","","Elisa Dolores Espinosa Cruz","Adaptación de la norma ISAD (G)","2014-09-08"
"MXIM-AV-1-12-347","","Elisa Dolores Espinosa Cruz","Adaptación de la norma ISAD (G)","2014-09-09"
"MXIM-AV-1-12-348","","Elisa Dolores Espinosa Cruz","Adaptación de la norma ISAD (G)","2014-08-02"
"MXIM-AV-1-12-349","","Elisa Dolores Espinosa Cruz","Adaptación de la norma ISAD (G)","2014-11-26"
"MXIM-AV-1-12-350","","Elisa Dolores Espinosa Cruz","Adaptación de la norma ISAD (G)","2014-12-05"
"MXIM-AV-1-12-351","","Elisa Dolores Espinosa Cruz","Adaptación de la norma ISAD (G)","2014-12-08"
"MXIM-AV-1-12-352","","Elisa Dolores Espinosa Cruz","Adaptación de la norma ISAD (G)","2014-12-08"
"MXIM-AV-1-12-353","","Elisa Dolores Espinosa Cruz","Adaptación de la norma ISAD (G)","2015-01-13"
"MXIM-AV-1-13-1","","Úrsula Mares","Adaptación de la norma ISAD (G)","2012-11-28"
"MXIM-AV-1-13-10","","Úrsula Mares","Adaptación de la norma ISAD (G)","2013-03-14"
"MXIM-AV-1-13-11","","Úrsula Mares","Adaptación de la norma ISAD (G)","2013-03-20"
"MXIM-AV-1-13-12","","Úrsula Mares","Adaptación de la norma ISAD (G)","2013-03-20"
"MXIM-AV-1-13-13","","Úrsula Mares","Adaptación de la norma ISAD (G)","2013-08-21"
"MXIM-AV-1-13-14","","Úrsula Mares","Adaptación de la norma ISAD (G)","2013-03-20"
"MXIM-AV-1-13-15","","Úrsula Mares","Adaptación de la norma ISAD (G)","2013-03-21"
"MXIM-AV-1-13-16","http://www.doctvlatinoamerica.org/es/doctv-II/en-el-cuerpo-equivocado","Úrsula Mares","Adaptación de la norma ISAD (G)","2012-11-27"
"MXIM-AV-1-13-17","","Úrsula Mares","Adaptación de la norma ISAD (G)","2013-03-22"
"MXIM-AV-1-13-18","","Úrsula Mares","Adaptación de la norma ISAD (G)","2013-03-22"
"MXIM-AV-1-13-19","","Úrsula Mares","Adaptación de la norma ISAD (G)","2012-11-26"
"MXIM-AV-1-13-2","","Úrsula Mares","Adaptación de la norma ISAD (G)","2013-03-08"
"MXIM-AV-1-13-20","","Úrsula Mares","Adaptación de la norma ISAD (G)","2013-04-01"
"MXIM-AV-1-13-21","","Úrsula Mares","Adaptación de la norma ISAD (G)","2013-04-01"
"MXIM-AV-1-13-22","","Úrsula Mares","Adaptación de la norma ISAD (G)","2013-04-03"
"MXIM-AV-1-13-23","","Úrsula Mares","Adaptación de la norma ISAD (G)","2013-04-03"
"MXIM-AV-1-13-24","","Úrsula Mares","Adaptación de la norma ISAD (G)","2013-04-03"
"MXIM-AV-1-13-25","","Úrsula Mares","Adaptación de la norma ISAD (G)","2013-04-03"
"MXIM-AV-1-13-26","","Úrsula Mares","Adaptación de la norma ISAD (G)","2013-04-03"
"MXIM-AV-1-13-27","","Úrsula Mares","Adaptación de la norma ISAD (G)","2013-04-04"
"MXIM-AV-1-13-28","","Úrsula Mares","Adaptación de la norma ISAD (G)","2013-04-04"
"MXIM-AV-1-13-29","","Úrsula Mares","Adaptación de la norma ISAD (G)","2013-04-04"
"MXIM-AV-1-13-3","","Úrsula Mares","Adaptación de la norma ISAD (G)","2013-03-08"
"MXIM-AV-1-13-30","","Úrsula Mares","Adaptación de la norma ISAD (G)","2013-04-05"
"MXIM-AV-1-13-31","","Úrsula Mares","Adaptación de la norma ISAD (G)","2013-04-05"
"MXIM-AV-1-13-32","","Úrsula Mares","Adaptación de la norma ISAD (G)","2013-04-06"
"MXIM-AV-1-13-33","","Úrsula Mares","Adaptación de la norma ISAD (G)","2013-03-08"
"MXIM-AV-1-13-34","","Úrsula Mares","Adaptación de la norma ISAD (G)","2013-02-22"
"MXIM-AV-1-13-35","","Úrsula Mares","Adaptación de la norma ISAD (G)","2013-02-26"
"MXIM-AV-1-13-36","","Úrsula Mares","Adaptación de la norma ISAD (G)","2013-03-21"
"MXIM-AV-1-13-37","","Úrsula Mares","Adaptación de la norma ISAD (G)","2012-11-26"
"MXIM-AV-1-13-38","","Úrsula Mares","Adaptación de la norma ISAD (G)","2012-09-07"
"MXIM-AV-1-13-4","","Úrsula Mares","Adaptación de la norma ISAD (G)","2013-03-14"
"MXIM-AV-1-13-40","\"Las manos en la tierra de Virgina Martínez\", en: http://www.casadefranciadigital.org.mx/agendacultural_det.php?i=2198&f= \"Las manos en la tierra\", doctv Latinoamérica segunda edición, en: http://www.doctvlatinoamerica.org/es/doctv-II/las-manos-en-la-tierra","Úrsula Mares","Adaptación de la norma ISAD (G)","2013-03-07"
"MXIM-AV-1-13-41","","Úrsula Mares","Adaptación de la norma ISAD (G)","2013-03-06"
"MXIM-AV-1-13-42","","Úrsula Mares","Adaptación de la norma ISAD (G)","2013-08-26"
"MXIM-AV-1-13-43","","Úrsula Mares","Adaptación de la norma ISAD (G)","2013-08-22"
"MXIM-AV-1-13-44","","Úrsula Mares","Adaptación de la norma ISAD (G)","2013-11-08"
"MXIM-AV-1-13-45","","Elisa Dolores Espinosa Cruz","Adaptación de la norma ISAD (G)","2014-07-14"
"MXIM-AV-1-11-229","","Elisa Dolores Espinosa Cruz","Adaptación de la norma ISAD (G)","2014-08-21"
"MXIM-AV-1-12-372","","Elisa Dolores Espinosa Cruz","Adaptación de la norma ISAD (G)","2014-08-21"
"MXIM-AV-1-13-46-3","","Elisa Dolores Espinosa Cruz","Adaptación de la norma ISAD (G)","2014-08-27"
"MXIM-AV-1-13-46-4","","Elisa Dolores Espinosa Cruz","Adaptación de la norma ISAD (G)","2014-08-27"
"MXIM-AV-1-13-46-5","","Elisa Dolores Espinosa Cruz","Adaptación de la norma ISAD (G)","2014-08-27"
"MXIM-AV-1-12-373","","Elisa Dolores Espinosa Cruz","Adaptación de la norma ISAD (G)","2014-08-28"
"MXIM-AV-1-13-46-7","","Elisa Dolores Espinosa Cruz","Adaptación de la norma ISAD (G)","2014-08-28"
"MXIM-AV-1-13-46-8","","Elisa Dolores Espinosa Cruz","Adaptación de la norma ISAD (G)","2014-08-29"
"MXIM-AV-1-13-46-9","","Elisa Dolores Espinosa Cruz","Adaptación de la norma ISAD (G)","2014-08-30"
"MXIM-AV-1-13-47","","Elisa Dolores Espinosa Cruz","Adaptación de la norma ISAD (G)","2014-09-09"
"MXIM-AV-1-13-48","","Penélope Ubaldo","Adaptación de la norma ISAD (G)","2015-05-13"
"MXIM-AV-1-13-49","Sinopsis de caja","Penélope Ubaldo","Adaptación de la norma ISAD (G)","2015-05-13"
"MXIM-AV-1-13-5","","Úrsula Mares","Adaptación de la norma ISAD (G)","2013-03-08"
"MXIM-AV-1-13-6","","Úrsula Mares","Adaptación de la norma ISAD (G)","2013-03-20"
"MXIM-AV-1-13-7","","Úrsula Mares","Adaptación de la norma ISAD (G)","2013-03-14"
"MXIM-AV-1-13-8","","Úrsula Mares","Adaptación de la norma ISAD (G)","2013-03-20"
"MXIM-AV-1-13-9","","Úrsula Mares","Adaptación de la norma ISAD (G)","2013-03-20"
"MXIM-AV-1-11-220","","","","2016-03-04"
"MXIM-AV-1-11-221","","Lilia García","Adaptación de la norma ISAD (G)","2016-03-07"
"MXIM-AV-1-12-188","","Lilia García Torres","Adaptación de la norma ISAD (G)","2016-03-07"
"MXIM-AV-1-11-222","https://translate.google.com.mx/translate?hl=es-419&sl=en&u=http://docuwiki.net/index.php%3Ftitle%3DThe_great_empire:_rome&prev=search","Lilia García Torres","Adaptación de la norma ISAD (G)","2016-03-10"
"MXIM-AV-1-11-223","http://palabra.ezln.org.mx/comunicados/1997/1997_08_08.htm","Lilia García Torres","Adaptación de la norma ISAD (G)","2016-05-09"
"MXIM-AV-1-11-224","","Lilia García Torres","Adaptación de la norma ISAD (G)","2016-05-09"
"MXIM-AV-1-11-225","","","","2015-06-01"
"MXIM-AV-1-13-52","","","Adaptación de la norma ISAD (G)","2015-06-01"
"MXIM-AV-1-11-226","","Lilia García Torres","Adaptación de la norma ISAD (G)","2016-05-09"
"MXIM-AV-1-12-338","","Lilia García Torres","Adaptación de la norma ISAD (G)","2016-05-09"
"MXIM-AV-1-12-365","","Lilia García Torres","Adaptación de la norma ISAD (G)","2016-05-12"
"MXIM-AV-1-12-366","","Lilia García Torres","Adaptación de la norma ISAD (G)","2016-05-12"
"MXIM-AV-1-12-367","","Lilia García Torres","Adaptación de la norma ISAD (G)","2016-05-13"
"MXIM-AV-1-12-368","","Lilia García Torres","Adaptación de la norma ISAD (G)","2016-05-13"
"MXIM-AV-1-11-227","http://cinechile.cl/persona-3463","Lilia García Torres","Adaptación de la norma ISAD (G)","2016-05-13"
"MXIM-AV-1-13-46","","","Adaptación de la norma ISAD (G)","2015-06-01"
"MXIM-AV-1-13-50","","Lilia García Torres","Adaptación de la norma ISAD (G)","2015-05-16"
"MXIM-AV-1-12-369","","Lilia García Torres","Adaptación de la norma ISAD (G)","2016-05-15"
"MXIM-AV-1-13-51","http://ambulante.com.mx/es/mas/documental/las-historias-que-contamos-1","Lilia García Torres","Adaptación de la norma ISAD (G)","2016-05-16"
"MXIM-AV-1-12-370","","","Adaptación de la norma ISAD (G)","2015-06-01"
"MXIM-AV-1-11-228","","","","2015-06-01"
"MXIM-AV-1-12-371","","","Adaptación de la norma ISAD (G)","2015-06-01"
"MXIM-AV-1-13-39","","","Adaptación de la norma ISAD (G)","2016-06-21"
"MXIM-AV-1-13-53","","","Adaptación de la norma ISAD (G)","2016-06-23"
"MXIM-AV-1-13-54","","","Adaptación de la norma ISAD (G)","2016-08-16"
"MXIM-AV-1-13-55","","","Adaptación de la norma ISAD (G)","2016-08-22"
"MXIM-AV-1-13-56","Úrsula Mares","","Adaptación de la norma ISAD (G)","2016-08-23"
"MXIM-AV-1-12-131","","","Adaptación de la norma ISAD (G)","2016-08-24"
"MXIM-AV-1-13-57","","","Adaptación de la norma ISAD (G)","2016-08-24"
"MXIM-AV-1-13-58","","","Adaptación de la norma ISAD (G)","2016-08-25"
"MXIM-AV-1-13-59","","","Adaptación de la norma ISAD (G)","2016-08-29"
"MXIM-AV-1-13-60","http://www.lemondediplomatique.cl/El-robo-del-cobre-chileno-SEREC-Un.html","Lilia García Torres","ISAD (G)","2016-08-30"
"MXIM-AV-1-13-61","","","Adaptación de la norma ISAD (G)","2016-09-02"
"MXIM-AV-1-13-62","","","Adaptación de la norma ISAD (G)","2016-09-06"
"MXIM-AV-1-13-63","","","Adaptación de la norma ISAD (G)","2016-09-21"
"MXIM-AV-1-10-85","","","","2016-09-22"
"MXIM-AV-1-12-181","","","Adaptación de la norma ISAD (G)","2016-10-03"
"MXIM-AV-1-12-232","","","Adaptación de la norma ISAD (G)","2016-10-03"
"MXIM-AV-1-13-64","Adaptación de la norma ISAD (G)","","Adaptación de la norma ISAD (G)","2016-10-05"
"MXIM-AV-1-12-233","","","","2016-10-05"
"MXIM-AV-1-12-234","","","","2016-10-05"
"MXIM-AV-1-13-65","","","Adaptación de la norma ISAD (G)","2016-10-07"
"MXIM-AV-1-12-235","","","Adaptación de la norma ISAD (G)","2016-10-17"
"MXIM-AV-1-12-236","","","","2016-10-17"
"MXIM-AV-1-13-66","","","Adaptación de la norma ISAD (G)","2016-10-18"
"MXIM-AV-1-12-237","","","Adaptación de la norma ISAD (G)","2016-10-20"
"MXIM-AV-1-12-259","","","Adaptación de la norma ISAD (G)","2016-10-20"
"MXIM-AV-1-12-287","","","Adaptación de la norma ISAD (G)","2016-10-20"
"MXIM-AV-1-12-288","","","","2016-10-20"
"MXIM-AV-1-12-289","","","Adaptación de la norma ISAD (G)","2016-10-20"
"MXIM-AV-1-12-290","","","Adaptación de la norma ISAD (G)","2016-10-20"
