"codigo_de_referencia","titulo_propio","fecha","usuario","accion"
"MXIM-AV-1-11-218","Film spricht viele sprachen","2016-04-15 11:00:10","",""
"MXIM-AV-1-11-219","Film ist mehr als Film","2016-04-15 11:00:31","",""
"MXIM-AV-1-11-220","Early applicata","2016-04-15 11:00:55","",""
"MXIM-AV-1-12-199","Gumbo","2016-04-15 11:02:05","",""
"MXIM-AV-1-12-200","El regalo","2016-04-15 11:02:57","",""
"MXIM-AV-1-11-221","Radio Interferencia 89.3","2016-04-15 11:03:51","",""
"MXIM-AV-1-12-201","Nuestro lenguaje","2016-04-15 11:04:07","",""
"MXIM-AV-1-12-201","Nuestro lenguaje","2016-04-15 11:04:24","",""
"MXIM-AV-1-12-202","La verdadera bienvenida","2016-04-15 11:05:17","",""
"MXIM-AV-1-12-203","Swing. Puro placer","2016-04-15 11:06:17","",""
"MXIM-AV-1-12-1","Chris by Chris","2016-04-15 11:07:15","",""
"MXIM-AV-1-12-204","Swing. La velocidad de la celebración","2016-04-15 11:07:41","",""
"MXIM-AV-1-12-205","El swing con el cambio","2016-04-15 11:08:35","",""
"MXIM-AV-1-12-206","Dedicado al caos","2016-04-15 11:09:26","",""
"MXIM-AV-1-12-207","Riesgo","2016-04-15 11:10:10","",""
"MXIM-AV-1-12-208","Irresistible","2016-04-15 11:11:04","",""
"MXIM-AV-1-12-2","Adio Kerida Good bye dear love","2016-04-15 11:11:15","",""
"MXIM-AV-1-12-209","La aventura","2016-04-15 11:11:54","",""
"MXIM-AV-1-12-210","Una obra maestra a medianoche","2016-04-15 11:12:47","",""
"MXIM-AV-1-12-3","A grande experiencia","2016-04-15 11:12:58","",""
"MXIM-AV-1-12-55","Ethnologie","2016-04-15 11:14:31","",""
"MXIM-AV-1-12-4","Fiestas cristianas y fiestas profanas, 1934-1935","2016-04-15 11:15:53","",""
"MXIM-AV-1-12-5","Al otro lado","2016-04-15 11:16:23","",""
"MXIM-AV-1-12-141-6","Eduardo Viana: Die Kleine","2016-04-15 11:17:41","",""
"MXIM-AV-1-12-6","A propósito de Buñuel","2016-04-15 11:18:44","",""
"MXIM-AV-1-12-141-7","Amadeo de Souza-Cardoso: Entrada","2016-04-15 11:19:30","",""
"MXIM-AV-1-12-7","Archivo Abierto (Reportajes: La telenovela mexicana y La Secundaria)","2016-04-15 11:21:43","",""
"MXIM-AV-1-12-8","Bajo Juárez, la ciudad devorando a sus hijas","2016-04-15 11:22:12","",""
"MXIM-AV-1-12-141-8","Vieyra Da Silva: Tragishe Geschichte Auf Dem Meer","2016-04-15 11:22:58","",""
"MXIM-AV-1-12-9","Black-Blob","2016-04-15 11:23:55","",""
"MXIM-AV-1-12-10","Blanco encalada. La historia sumergida","2016-04-15 11:24:42","",""
"MXIM-AV-1-12-11","Carlos","2016-04-15 11:25:31","",""
"MXIM-AV-1-12-12","Cerca del olvido","2016-04-15 11:26:10","",""
"MXIM-AV-1-12-211","Innovation for Development: The voices of Globelics","2016-04-15 11:26:43","",""
"MXIM-AV-1-12-13","10e Chambre, instants d´audiences","2016-04-15 11:26:52","",""
"MXIM-AV-1-12-14","Chiapas: la guerra y la paz","2016-04-15 11:27:29","",""
"MXIM-AV-1-12-15","Chido mi banda. chido mi barrio","2016-04-15 11:28:18","",""
"MXIM-AV-1-12-212","Movimiento Indígena Equatoriano: Lutas Locais, Resistencias Globais","2016-04-15 11:28:29","",""
"MXIM-AV-1-12-16","Abriendo Brecha: trabajo en redes por los derechos de la mujer","2016-04-15 11:28:45","",""
"MXIM-AV-1-12-17","Ciudad olimpia. El año en que fuimos modernos.","2016-04-15 11:29:14","",""
"MXIM-AV-1-12-212","Movimiento Indígena Equatoriano: Lutas Locais, Resistencias Globais","2016-04-15 11:29:22","",""
"MXIM-AV-1-12-18","Congos, ritmo e devocao","2016-04-15 11:29:42","",""
"MXIM-AV-1-12-19","Conservación álbumes fotográficos","2016-04-15 11:30:10","",""
"MXIM-AV-1-12-20","Corazón de fábrica","2016-04-15 11:31:27","",""
"MXIM-AV-1-12-215","Etienne Samain de um caminho a outro","2016-04-15 11:31:57","",""
"MXIM-AV-1-12-216","Giséle Omindarewa","2016-04-15 11:32:54","",""
"MXIM-AV-1-12-21","Creación audiovisual. Documental comunitario","2016-04-15 11:32:57","Lilia","U"
"MXIM-AV-1-12-22","¡Viva México!","2016-04-15 11:33:19","Lilia","U"
"MXIM-AV-1-12-23","De dolor y esperanza. El asilo un pasado presente","2016-04-15 11:34:03","Lilia","U"
"MXIM-AV-1-12-217","Berlin die Sinfonie der Großstadt","2016-04-15 11:34:32","",""
"MXIM-AV-1-12-24","De Duchamp au Pop Art","2016-04-15 11:34:46","Lilia","U"
"MXIM-AV-1-12-219","Granito de arena","2016-04-15 11:35:48","",""
"MXIM-AV-1-12-25","De la tinta a la imagen, Memorias y tradiciones de mi ciudad","2016-04-15 11:36:30","Lilia","U"
"MXIM-AV-1-12-26","De la tele a la boca… una reflexión sobre desarrollo infantil y salud","2016-04-15 11:37:01","Lilia","U"
"MXIM-AV-1-12-27","De nadie","2016-04-15 11:37:51","Lilia","U"
"MXIM-AV-1-12-28","O arquitecto e a cidade velha","2016-04-15 11:39:50","Lilia","U"
"MXIM-AV-1-12-29","Deux films d´Agnes Varda","2016-04-15 11:40:33","Lilia","U"
"MXIM-AV-1-12-30","The filth and the fury. A sex pistols film","2016-04-15 11:41:16","Lilia","U"
"MXIM-AV-1-12-31","Diosa en el silencio azul. Isla Guadalupe, santuario del tiburon blanco.","2016-04-15 11:41:49","Lilia","U"
"MXIM-AV-1-12-220","Un poquito de tanta verdad","2016-04-15 11:42:05","",""
"MXIM-AV-1-12-32","Obras documentais de Alain Resnais","2016-04-15 11:42:36","Lilia","U"
"MXIM-AV-1-12-32","Obras documentais de Alain Resnais","2016-04-15 11:43:03","Lilia","U"
"MXIM-AV-1-12-33","Documentales de Teatro mexicano","2016-04-15 11:43:34","Lilia","U"
"MXIM-AV-1-12-220","Un poquito de tanta verdad","2016-04-15 11:43:54","",""
"MXIM-AV-1-12-34","El alma de los verdugos","2016-04-15 11:44:23","Lilia","U"
"MXIM-AV-1-12-35","El arenal","2016-04-15 11:44:54","Lilia","U"
"MXIM-AV-1-12-36","El arte de hacer ciudad","2016-04-15 11:45:27","Lilia","U"
"MXIM-AV-1-12-37","El cielo gira","2016-04-15 11:46:22","Lilia","U"
"MXIM-AV-1-12-224","Historias arqueológicas del Bajío Zaragoza","2016-04-15 11:46:34","",""
"MXIM-AV-1-12-38","El ciruelo. La desaparición de un pueblo bajo las aguas","2016-04-15 11:46:39","Lilia","U"
"MXIM-AV-1-12-39","El desafío indígena: la marcha zapatista","2016-04-15 11:47:14","Lilia","U"
"MXIM-AV-1-12-40","El memorial del 68","2016-04-15 11:48:06","Lilia","U"
"MXIM-AV-1-12-41","El món dels pioners 1906-1913","2016-04-15 11:49:29","Lilia","U"
"MXIM-AV-1-12-41","El món dels pioners 1906-1913","2016-04-15 11:49:49","Lilia","U"
"MXIM-AV-1-12-227","Nacional 206","2016-04-15 11:50:06","",""
"MXIM-AV-1-12-42","El otro muro","2016-04-15 11:50:13","Lilia","U"
"MXIM-AV-1-12-43","Viva San Jerónimo. Coatepec: Memoria y Tradición","2016-04-15 11:50:44","Lilia","U"
"MXIM-AV-1-12-44","El Rey","2016-04-15 11:51:34","Lilia","U"
"MXIM-AV-1-12-45","Voces de la Guerrero","2016-04-15 11:52:10","Lilia","U"
"MXIM-AV-1-12-229","School Scapes: scenes from a school in South India","2016-04-15 11:52:18","",""
"MXIM-AV-1-12-46","El triángulo de Tacubaya","2016-04-15 11:52:28","Lilia","U"
"MXIM-AV-1-12-230","Memorias en la vía","2016-04-15 11:53:11","",""
"MXIM-AV-1-12-47","A wild legacy","2016-04-15 11:54:16","Lilia","U"
"MXIM-AV-1-12-48","El yalalteco nunca se acaba","2016-04-15 11:55:07","Lilia","U"
"MXIM-AV-1-12-49","Voladora","2016-04-15 11:55:28","Lilia","U"
"MXIM-AV-1-12-50","En el hoyo","2016-04-15 11:56:15","Lilia","U"
"MXIM-AV-1-12-51","En torno al caso de Rosalie Evans","2016-04-15 11:56:40","Lilia","U"
"MXIM-AV-1-12-52","Entre memoria e identidad, Testimonios de descendientes de inmigrantes franceses en México","2016-04-15 11:57:05","Lilia","U"
"MXIM-AV-1-12-53","Estadio Nacional","2016-04-15 11:57:27","Lilia","U"
"MXIM-AV-1-12-54","Estudio histórico demográfico de la migración judía a México 1900-1950","2016-04-15 11:57:53","Lilia","U"
"MXIM-AV-1-12-55","Ethnologie","2016-04-15 11:58:20","Lilia","U"
"MXIM-AV-1-12-56","Etre et avoir","2016-04-15 11:58:43","Lilia","U"
"MXIM-AV-1-12-57","Exotic Europe, Journeys into early cinema","2016-04-15 11:59:36","Lilia","U"
"MXIM-AV-1-12-58","Fahrenheit 9/11","2016-04-15 12:00:17","Lilia","U"
"MXIM-AV-1-12-59","Farmingville","2016-04-15 12:00:40","Lilia","U"
"MXIM-AV-1-12-60","Food, inc.","2016-04-15 12:01:12","Lilia","U"
"MXIM-AV-1-12-61","Fraude México 2006","2016-04-15 12:01:38","Lilia","U"
"MXIM-AV-1-12-62","Cavallo entre rejas","2016-04-15 12:02:12","Lilia","U"
"MXIM-AV-1-12-63","Artes y oficios mexicanos","2016-04-15 12:02:50","Lilia","U"
"MXIM-AV-1-12-64","Halcones, terrorismo de Estado","2016-04-15 12:03:15","Lilia","U"
"MXIM-AV-1-12-65","Hartos Evos aquí hay. Los cocaleros del Chapare","2016-04-15 12:03:45","Lilia","U"
"MXIM-AV-1-12-66","Hernando","2016-04-15 12:04:08","Lilia","U"
"MXIM-AV-1-12-67","H.I.J.O.S. El alma en dos","2016-04-15 12:04:33","Lilia","U"
"MXIM-AV-1-12-68","Historias cruzadas","2016-04-15 12:05:03","Lilia","U"
"MXIM-AV-1-12-69","El gran invento","2016-04-15 12:05:27","Lilia","U"
"MXIM-AV-1-12-70","La vocación de entretener","2016-04-15 12:05:51","Lilia","U"
"MXIM-AV-1-12-71","Dando la noticia","2016-04-15 12:06:13","Lilia","U"
"MXIM-AV-1-12-72","Ernesto Alonso: el señor telenovela","2016-04-15 12:06:37","Lilia","U"
"MXIM-AV-1-12-73","Soñar en telenovela","2016-04-15 12:06:56","Lilia","U"
"MXIM-AV-1-12-74","La imaginación televisiva","2016-04-15 12:07:16","Lilia","U"
"MXIM-AV-1-12-238","Historia Argentina 1973-1976","2016-04-15 12:07:30","",""
"MXIM-AV-1-12-75","Yo no era rebelde: Rock mexicano 1957-1970","2016-04-15 12:07:45","Lilia","U"
"MXIM-AV-1-12-76","La célula que explota: rock mexicano 1970-1999","2016-04-15 12:08:12","Lilia","U"
"MXIM-AV-1-12-239","Historia Argentina 1976-1978","2016-04-15 12:08:29","",""
"MXIM-AV-1-12-77","Historia del Seguro Social","2016-04-15 12:08:34","Lilia","U"
"MXIM-AV-1-12-78","Lo mejor de la Revolución Mexicana. 3 Documentales de Gregorio Rocha","2016-04-15 12:09:05","Lilia","U"
"MXIM-AV-1-12-240","Historia Argentina 1978-1983","2016-04-15 12:09:21","",""
"MXIM-AV-1-12-79","Camaristas. Autorretratos indígenas","2016-04-15 12:09:37","Lilia","U"
"MXIM-AV-1-12-80","Jorge","2016-04-15 12:09:58","Lilia","U"
"MXIM-AV-1-5-2","Coal Face","2016-04-15 12:13:47","Lilia","U"
"MXIM-AV-1-5-7","Night Mail","2016-04-15 12:14:05","Lilia","U"
"MXIM-AV-1-5-8","The Plow That Broke the Plains","2016-04-15 12:14:30","Lilia","U"
"MXIM-AV-1-5-7","Night Mail","2016-04-15 12:15:22","Lilia","U"
"MXIM-AV-1-5-11","Tri pesni o Lénine","2016-04-15 12:15:59","Lilia","U"
"MXIM-AV-1-5-13","Un pioniere del cinema scientifico. Roberto Omegna 1876-1948","2016-04-15 12:17:11","Lilia","U"
"MXIM-AV-1-6-4","Le chaudronnier","2016-04-15 12:17:37","Lilia","U"
"MXIM-AV-1-6-5","Le Tonnelier","2016-04-15 12:17:58","Lilia","U"
"MXIM-AV-1-8-23","Un lion nommé \"l'américain\"","2016-04-15 12:18:25","Lilia","U"
"MXIM-AV-1-9-10","L´Ambassade","2016-04-15 12:18:54","Lilia","U"
"MXIM-AV-1-12-355","Film ist Mehr als film","2016-04-15 12:21:28","Lilia","U"
"MXIM-AV-1-12-356","Viennale Festival Trailers, Ten little films, 1995-2003","2016-04-15 12:22:02","Lilia","U"
"MXIM-AV-1-12-357","Psycho","2016-04-15 12:22:25","Lilia","U"
"MXIM-AV-1-12-358","Pietà","2016-04-15 12:22:47","Lilia","U"
"MXIM-AV-1-12-359","Get ready","2016-04-15 12:23:14","Lilia","U"
"MXIM-AV-1-12-360","Breeze","2016-04-15 12:23:39","Lilia","U"
"MXIM-AV-1-12-361","Elvis","2016-04-15 12:23:59","Lilia","U"
"MXIM-AV-1-12-362","Wien und Mozart","2016-04-15 12:24:24","Lilia","U"
"MXIM-AV-1-12-363","SB","2016-04-15 12:24:44","Lilia","U"
"MXIM-AV-1-12-364","Carte de Visite","2016-04-15 12:25:02","Lilia","U"
"MXIM-AV-1-13-1","Historia para no pensar, Las familias en la televisión","2016-04-15 12:26:26","Lilia","U"
"MXIM-AV-1-13-46-1","El secreto del alcohol","2016-04-15 12:26:53","Lilia","U"
"MXIM-AV-1-13-2","Población callejera","2016-04-15 12:27:34","Lilia","U"
"MXIM-AV-1-13-46-2","La calle de los niños","2016-04-15 12:28:02","Lilia","U"
"MXIM-AV-1-12-48","El yalalteco nunca se acaba","2016-04-15 12:28:36","Lilia","U"
"MXIM-AV-1-13-3","Nuestros viejos","2016-04-15 12:29:29","Lilia","U"
"MXIM-AV-1-13-46-4","Camaristas. Autorretratos indígenas","2016-04-15 12:29:59","Lilia","U"
"MXIM-AV-1-13-4","Vivir con VIH/SIDA","2016-04-15 12:31:05","Lilia","U"
"MXIM-AV-1-13-46-5","Artes y oficios mexicanos","2016-04-15 12:31:39","Lilia","U"
"MXIM-AV-1-13-5","Migrantes","2016-04-15 12:32:16","Lilia","U"
"MXIM-AV-1-13-46-6","Historias de gente grande","2016-04-15 12:33:37","Lilia","U"
"MXIM-AV-1-13-6","Discapacidad","2016-04-15 12:34:10","Lilia","U"
"MXIM-AV-1-13-46-7","Lacandona, medio siglo de sueños","2016-04-15 12:34:35","Lilia","U"
"MXIM-AV-1-13-46-9","Trabajo de campo en tiempos violentos","2016-04-15 13:17:51","Felipe","U"
"MXIM-AV-1-13-46-9","Trabajo de campo en tiempos violentos","2016-04-15 13:18:27","Felipe","U"
"MXIM-AV-1-13-46-9","Trabajo de campo en tiempos violentos","2016-04-15 13:19:34","Felipe","U"
"MXIM-AV-1-13-46-9","Trabajo de campo en tiempos violentos","2016-04-15 13:21:04","Felipe","U"
"MXIM-AV-1-13-46-9","Trabajo de campo en tiempos violentos","2016-04-15 13:25:03","Felipe","U"
"MXIM-AV-1-13-46-6","Historias de gente grande","2016-04-15 13:26:27","Felipe","U"
"MXIM-AV-1-13-46-7","Lacandona, medio siglo de sueños","2016-04-15 13:26:41","Felipe","U"
"MXIM-AV-1-13-46-4","Camaristas. Autorretratos indígenas","2016-04-15 13:26:54","Felipe","U"
"MXIM-AV-1-13-46-3","El yalcalteco nunca se acaba","2016-04-15 13:27:05","Felipe","U"
"MXIM-AV-1-13-46-3","El yalcalteco nunca se acaba","2016-04-15 13:27:57","Felipe","U"
"MXIM-AV-1-13-46-2","La calle de los niños","2016-04-15 13:28:10","Felipe","U"
"MXIM-AV-1-13-46-2","La calle de los niños","2016-04-15 13:28:27","Felipe","U"
"MXIM-AV-1-13-46-5","Artes y oficios mexicanos","2016-04-15 13:28:41","Felipe","U"
"MXIM-AV-1-13-46-1","El secreto del alcohol","2016-04-15 13:28:55","Felipe","U"
"MXIM-AV-1-13-46-4","Camaristas. Autorretratos indígenas","2016-04-15 13:30:35","Felipe","U"
"MXIM-AV-1-13-46-5","Artes y oficios mexicanos","2016-04-15 13:31:28","Felipe","U"
"MXIM-AV-1-6-7","Listen to Britain","2016-04-15 13:37:41","Carlos","U"
"MXIM-AV-1-6-6","Le sang des bêtes","2016-04-15 13:40:32","Carlos","U"
"MXIM-AV-1-6-1","A diary for Timothy","2016-04-15 13:50:52","Carlos","U"
"MXIM-AV-1-7-5","Les Maitres fous","2016-04-15 13:56:39","Carlos","U"
"MXIM-AV-1-7-6","Mammy Water","2016-04-15 14:00:23","Carlos","U"
"MXIM-AV-1-7-11","Guernica","2016-04-15 14:04:23","Carlos","U"
"MXIM-AV-1-8-21","Law and order","2016-04-15 14:06:22","Carlos","U"
"MXIM-AV-1-8-6","Chiefs","2016-04-15 14:09:13","Carlos","U"
"MXIM-AV-1-8-10","Menq","2016-04-15 14:10:52","Carlos","U"
"MXIM-AV-1-8-28","Letzte Worte (Últimas palabras)","2016-04-15 14:18:27","Carlos","U"
"MXIM-AV-1-8-32","Terminus","2016-04-15 14:25:09","Carlos","U"
"MXIM-AV-1-12-248","Hasta aquí llegó el Mal…verde","2016-04-15 14:41:47","","U"
"MXIM-AV-1-12-245","La Merced a través de la mirada de sus mujeres","2016-04-15 14:42:27","","U"
"MXIM-AV-1-12-348","Versos e Cacetes","2016-04-18 07:50:15","Carlos","U"
"MXIM-AV-1-12-227","Nacional 206","2016-04-18 08:35:56","Carlos","U"
"MXIM-AV-1-12-233","Formas de habitar en una urbanización no regulada","2016-04-18 08:36:36","Carlos","U"
"MXIM-AV-1-12-220","Un poquito de tanta verdad","2016-04-18 09:37:53","Carlos","U"
"MXIM-AV-1-12-328","¿Quién soy yo? Los niños encontrados de Argentina","2016-04-18 09:39:36","Carlos","U"
"MXIM-AV-1-12-84","La palabra desenterrada","2016-04-18 09:52:27","Carlos","U"
"MXIM-AV-1-11-174","Caravangio The lute player","2016-04-18 09:55:31","Lilia","U"
"MXIM-AV-1-11-175","Lucas Cranach: Venus and Cupid","2016-04-18 09:55:46","Lilia","U"
"MXIM-AV-1-12-87","La Coronela 1940, Punto de Partida","2016-04-18 09:57:31","Carlos","U"
"MXIM-AV-1-10-59","Yves Tanguy: A las 4 de la tarde en verano, esperanza","2016-04-18 12:40:11","Jocelyn","U"
"MXIM-AV-1-10-60","Sonia Delaunay: Electric Prisms","2016-04-18 12:40:39","Jocelyn","U"
"MXIM-AV-1-10-61","Karl Friedrich Schinkel: Medieval city on the banks of a river","2016-04-18 12:41:35","Jocelyn","U"
"MXIM-AV-1-10-62","Stanley Spencer: The Resurrection Cookham","2016-04-18 12:43:49","Jocelyn","U"
"MXIM-AV-1-10-63","Louis or Antoine Le Nain: Peasant Family","2016-04-18 12:44:18","Jocelyn","U"
"MXIM-AV-1-10-64","John Everett Millais: Ophelia","2016-04-18 12:45:26","Jocelyn","U"
"MXIM-AV-1-10-65","Andrea Mantegna: Crucifixion of Christ","2016-04-18 12:46:42","Jocelyn","U"
"MXIM-AV-1-10-66","Divine horsemen, The living Gods of Haiti","2016-04-18 12:47:28","Jocelyn","U"
"MXIM-AV-1-10-67","La matelassière","2016-04-18 12:48:06","Jocelyn","U"
"MXIM-AV-1-10-68","La fileuse","2016-04-18 12:48:51","Jocelyn","U"
"MXIM-AV-1-10-69","La trempeuse","2016-04-18 12:50:20","Jocelyn","U"
"MXIM-AV-1-10-70","L'orangère","2016-04-18 12:51:22","Jocelyn","U"
"MXIM-AV-1-10-71","La brodeuse","2016-04-18 13:15:45","Jocelyn","U"
"MXIM-AV-1-10-72","La dame-lavabo","2016-04-18 13:16:40","Jocelyn","U"
"MXIM-AV-1-10-75","La canneuse","2016-04-18 13:22:46","Jocelyn","U"
"MXIM-AV-1-10-76","La repasseuse","2016-04-18 13:23:50","Jocelyn","U"
"MXIM-AV-1-10-77","La rémouleuse","2016-04-18 13:24:36","Jocelyn","U"
"MXIM-AV-1-10-78","La maítre-verrier","2016-04-18 13:25:44","Jocelyn","U"
"MXIM-AV-1-10-79","First Contact. New Guinea's highlanders encounter the outside world.","2016-04-18 13:26:37","Jocelyn","U"
"MXIM-AV-1-10-80","Después de…","2016-04-18 13:27:38","Jocelyn","U"
"MXIM-AV-1-10-81","Después de... No se os puede dejar solos","2016-04-18 13:29:42","Jocelyn","U"
"MXIM-AV-1-10-82","Después de... Atado y bien atado","2016-04-18 13:30:37","Jocelyn","U"
"MXIM-AV-1-10-83","La isla de las flores","2016-04-18 13:31:14","Jocelyn","U"
"MXIM-AV-1-10-86","The Social Life of Small Urban Space","2016-04-18 13:33:26","Jocelyn","U"
"MXIM-AV-1-10-87","San Clemente","2016-04-18 13:34:14","Jocelyn","U"
"MXIM-AV-1-11-94-1","Y vino el remolino 1910-1914","2016-04-18 13:35:42","Jocelyn","U"
"MXIM-AV-1-11-1","Adolfo Ruiz Cortines, el jugador de dominó","2016-04-18 13:37:19","Jocelyn","U"
"MXIM-AV-1-11-86","11 de septiembre, 1973. El último combate de Salvador Allende","2016-04-18 13:38:46","Carlos","U"
"MXIM-AV-1-11-2","Ora rindo, ora chorando","2016-04-18 13:39:27","Jocelyn","U"
"MXIM-AV-1-11-94-2","Se está volviendo gobierno 1915-1919","2016-04-18 13:44:03","Jocelyn","U"
"MXIM-AV-1-11-3","Afriques: comment ca va avec la douleur?","2016-04-18 13:44:59","Jocelyn","U"
"MXIM-AV-1-11-4","Más vale paso que dure","2016-04-18 13:50:10","Jocelyn","U"
"MXIM-AV-1-11-5","Alma del pueblo","2016-04-18 13:51:17","Jocelyn","U"
"MXIM-AV-1-11-6","Miguel Alemán Valdés, el cachorro de la revolución","2016-04-18 13:53:32","Jocelyn","U"
"MXIM-AV-1-11-8","Amsterdam global Village","2016-04-18 13:57:00","Jocelyn","U"
"MXIM-AV-1-11-9","A place called Chiapas","2016-04-18 13:57:48","Jocelyn","U"
"MXIM-AV-1-11-10","Ariles y más ariles… Testimonios del son jarocho","2016-04-18 13:58:49","Jocelyn","U"
"MXIM-AV-1-11-11","Obra Documental de Artavazd Pelechian","2016-04-18 13:59:36","Jocelyn","U"
"MXIM-AV-1-11-12","Baraka","2016-04-18 14:00:28","Jocelyn","U"
"MXIM-AV-1-11-13","Batalhas pelo Patrimonio Batalhas pela História","2016-04-18 14:01:09","Jocelyn","U"
"MXIM-AV-1-11-14","Batallón Olimpia. Documento abierto","2016-04-18 14:18:30","Jocelyn","U"
"MXIM-AV-1-11-15","Belovy","2016-04-18 14:19:39","Jocelyn","U"
"MXIM-AV-1-11-16","Blob Ubik-Il Bel Paese","2016-04-18 14:21:07","Jocelyn","U"
"MXIM-AV-1-11-17","Buenavista Social Club","2016-04-18 14:22:36","Jocelyn","U"
"MXIM-AV-1-11-18","Cadê Brasília que construimos?","2016-04-18 14:23:30","Jocelyn","U"
"MXIM-AV-1-11-19","Candlemas in Patamban. Purhépecha, Michoacán, México","2016-04-18 14:25:03","Jocelyn","U"
"MXIM-AV-1-11-20","Chiapas. Diálogo bajo amenaza","2016-04-18 14:26:47","Jocelyn","U"
"MXIM-AV-1-11-21","Chiapas. La historia continúa","2016-04-18 14:31:33","Jocelyn","U"
"MXIM-AV-1-11-22","Chiapas, la otra guerra","2016-04-18 14:34:32","Jocelyn","U"
"MXIM-AV-1-11-23","Chiapas, Historia inconclusa","2016-04-18 14:35:32","Jocelyn","U"
"MXIM-AV-1-11-24","Chile la memoria obstinada","2016-04-18 14:36:12","Jocelyn","U"
"MXIM-AV-1-11-25","Chute Libre","2016-04-18 14:37:21","Jocelyn","U"
"MXIM-AV-1-11-26","Ciclo testimonios","2016-04-18 14:38:50","Jocelyn","U"
"MXIM-AV-1-11-27","Cinéma Perdu","2016-04-18 14:39:31","Jocelyn","U"
"MXIM-AV-1-11-28","Nema-ye Nazdik","2016-04-18 14:40:35","Jocelyn","U"
"MXIM-AV-1-11-29","Consulta Nacional","2016-04-18 14:43:58","Jocelyn","U"
"MXIM-AV-1-11-30","Copperwork in Santa Clara del Cobre. Artisans facing change","2016-04-18 14:44:33","Jocelyn","U"
"MXIM-AV-1-11-31","Cuando la rumba nos conoció","2016-04-18 14:45:01","Jocelyn","U"
"MXIM-AV-1-11-32","Cuando yo nací como persona","2016-04-18 14:45:50","Jocelyn","U"
"MXIM-AV-1-11-33","Cuatro rayas, un pueblo organizado","2016-04-18 14:46:13","Jocelyn","U"
"MXIM-AV-1-11-34","Cuentos para una soledad desvelada","2016-04-18 14:46:43","Jocelyn","U"
"MXIM-AV-1-11-35","Weavers in Auiran. Michoacán, Mexico","2016-04-18 14:48:04","Jocelyn","U"
"MXIM-AV-1-11-36","De wereld rond met pathé 1910-1915","2016-04-18 14:48:43","Jocelyn","U"
"MXIM-AV-1-11-37","Del olvido al no me acuerdo","2016-04-18 14:49:11","Jocelyn","U"
"MXIM-AV-1-11-38","Destination Samoa. New Zealand-Samoans between two cultures","2016-04-18 14:50:49","Jocelyn","U"
"MXIM-AV-1-11-39","Días de albergue","2016-04-18 14:51:26","Jocelyn","U"
"MXIM-AV-1-11-40","Die mauer","2016-04-18 14:53:54","Jocelyn","U"
"MXIM-AV-1-11-41","Diva Dolorosa","2016-04-18 14:54:27","Jocelyn","U"
"MXIM-AV-1-11-42","Ecología y grupos étnicos","2016-04-18 14:55:11","Jocelyn","U"
"MXIM-AV-1-11-43","Efemérides latinoamericanas","2016-04-18 14:55:48","Jocelyn","U"
"MXIM-AV-1-11-44","El buen restaurador ama lo antiguo. Testimonio del arquitecto Ricardo de Robina","2016-04-18 14:56:27","Jocelyn","U"
"MXIM-AV-1-11-45","Adolfo Ruiz Cortines, el apogeo del sistema","2016-04-18 14:56:58","Jocelyn","U"
"MXIM-AV-1-11-46","Nuestra capital hace medio siglo","2016-04-18 14:57:38","Jocelyn","U"
"MXIM-AV-1-11-47","El Petén, Guatemala","2016-04-18 14:58:09","Jocelyn","U"
"MXIM-AV-1-11-48","Colonia Roma, vida y arquitectura","2016-04-18 14:59:01","Jocelyn","U"
"MXIM-AV-1-11-49","Emiliano Zapata, el amor a la tierra","2016-04-18 14:59:41","Jocelyn","U"
"MXIM-AV-1-11-50","Ferrocarril a utopía","2016-04-18 15:00:14","Jocelyn","U"
"MXIM-AV-1-11-51","Film ist. (1-6)","2016-04-18 15:00:50","Jocelyn","U"
"MXIM-AV-1-11-52","Miguel Alemán, El presidente empresario","2016-04-18 15:02:44","Jocelyn","U"
"MXIM-AV-1-11-53","Adria, urlaubsfilme 1958-1964","2016-04-18 15:03:59","Jocelyn","U"
"MXIM-AV-1-11-54","Regresso à terra","2016-04-18 15:04:35","Jocelyn","U"
"MXIM-AV-1-11-56","Foutura. A Lobi potter tells her story","2016-04-18 15:05:24","Jocelyn","U"
"MXIM-AV-1-11-57","Francisco Villa: el Ángel y el Fierro","2016-04-18 15:05:59","Jocelyn","U"
"MXIM-AV-1-11-58","Frank Lloyd Wright. The office for Edgar J. Kaufmann","2016-04-18 15:06:29","Jocelyn","U"
"MXIM-AV-1-11-59","Future Remembrance. Photography and Image Art in Ghana","2016-04-18 15:07:57","Jocelyn","U"
"MXIM-AV-1-11-60","Guia Too","2016-04-18 15:10:51","Jocelyn","U"
"MXIM-AV-1-8-19","Heracles","2016-04-19 12:03:18","Rodrigo","U"
"MXIM-AV-1-8-20","La punition","2016-04-19 12:05:22","Rodrigo","U"
"MXIM-AV-1-8-21","Law and order","2016-04-19 12:06:37","Rodrigo","U"
"MXIM-AV-1-8-22","Les années folles","2016-04-19 12:07:05","Rodrigo","U"
"MXIM-AV-1-8-24","México bárbaro","2016-04-19 12:08:04","Rodrigo","U"
"MXIM-AV-1-8-25","Morir en Madrid","2016-04-19 12:08:26","Rodrigo","U"
"MXIM-AV-1-8-26","¡Muerte al invasor!, Reportaje especial sobre la agresión imperialista al pueblo de Cuba","2016-04-19 12:09:24","Rodrigo","U"
"MXIM-AV-1-8-27","Now!","2016-04-19 12:09:54","Rodrigo","U"
"MXIM-AV-1-8-28","Letzte Worte (Últimas palabras)","2016-04-19 12:10:36","Rodrigo","U"
"MXIM-AV-1-8-29","Volkstänze in Desa, Rumänien","2016-04-19 12:11:55","Rodrigo","U"
"MXIM-AV-1-8-30","Reportaje especial sobre la II Declaración de La Habana aprobada por el pueblo en Asamblea General","2016-04-19 12:12:29","Rodrigo","U"
"MXIM-AV-1-8-31","Steam in Mexico","2016-04-19 12:12:56","Rodrigo","U"
"MXIM-AV-1-8-32","Terminus","2016-04-19 12:13:30","Rodrigo","U"
"MXIM-AV-1-8-33","The Saturday Men","2016-04-19 12:13:56","Rodrigo","U"
"MXIM-AV-1-8-34","Comando 52","2016-04-19 12:14:21","Rodrigo","U"
"MXIM-AV-1-9-1","In the land of the war canoes kwakiutl indian life on the northwest coast","2016-04-19 12:15:58","Rodrigo","U"
"MXIM-AV-1-9-2","Acting in Turn","2016-04-19 12:18:56","Rodrigo","U"
"MXIM-AV-1-9-3","Appunti per un´Orestiade africana","2016-04-19 12:19:25","Rodrigo","U"
"MXIM-AV-1-9-4","Aurelia Steiner","2016-04-19 12:20:00","Rodrigo","U"
"MXIM-AV-1-9-5","Canciones para después de una guerra","2016-04-19 12:20:27","Rodrigo","U"
"MXIM-AV-1-9-6","El tigre saltó y mató… pero morirá… morirá","2016-04-19 12:20:48","Rodrigo","U"
"MXIM-AV-1-9-7","Historia de un documento","2016-04-19 12:21:12","Rodrigo","U"
"MXIM-AV-1-9-8","La insurrección de la burguesía","2016-04-19 12:21:33","Rodrigo","U"
"MXIM-AV-1-9-9","El golpe de Estado","2016-04-19 12:22:16","Rodrigo","U"
"MXIM-AV-1-9-11","La hora de los cerdos","2016-04-19 12:56:33","Rodrigo","U"
"MXIM-AV-1-9-12","La Maréchal-ferrant","2016-04-19 12:57:11","Rodrigo","U"
"MXIM-AV-1-9-13","Le fond de l´air est rouge","2016-04-19 12:57:44","Rodrigo","U"
"MXIM-AV-1-9-14","Les vacances du cinéaste","2016-04-19 12:58:15","Rodrigo","U"
"MXIM-AV-1-9-15","Los Albañiles","2016-04-19 12:58:40","Rodrigo","U"
"MXIM-AV-1-9-16","Le train en marche","2016-04-19 12:59:10","Rodrigo","U"
"MXIM-AV-1-9-17","Misión de Chichimecas. Guanajuato","2016-04-19 12:59:34","Rodrigo","U"
"MXIM-AV-1-9-18","Petit à petit","2016-04-19 12:59:58","Rodrigo","U"
"MXIM-AV-1-9-19","Queridísimos verdugos","2016-04-19 13:00:41","Rodrigo","U"
"MXIM-AV-1-9-20","The Ax Fight","2016-04-19 13:01:15","Rodrigo","U"
"MXIM-AV-1-9-21","Viva la República","2016-04-19 13:01:37","Rodrigo","U"
"MXIM-AV-1-9-22","Les tambours d'avant","2016-04-19 13:02:05","Rodrigo","U"
"MXIM-AV-1-9-23","Stierkampf in Forcalhos","2016-04-19 13:12:17","Rodrigo","U"
"MXIM-AV-1-9-24","Besuchsfest in Munggona (Visita al festival en Munggona)","2016-04-19 13:12:52","Rodrigo","U"
"MXIM-AV-1-9-25","La Soufriére","2016-04-19 13:13:17","Rodrigo","U"
"MXIM-AV-1-9-26","Obitateli","2016-04-19 13:14:07","Rodrigo","U"
"MXIM-AV-1-9-28","Nawi","2016-04-19 13:14:43","Rodrigo","U"
"MXIM-AV-1-9-30","El desencanto","2016-04-19 13:15:07","Rodrigo","U"
"MXIM-AV-1-10-1","FSLN: Victoria de un pueblo en armas","2016-04-19 13:15:48","Rodrigo","U"
"MXIM-AV-1-10-2","Antonio Gaudí","2016-04-19 13:17:30","Rodrigo","U"
"MXIM-AV-1-10-4","Cannibal Tours","2016-04-19 14:02:34","Rodrigo","U"
"MXIM-AV-1-10-5","Tlacuilo","2016-04-19 14:05:37","Rodrigo","U"
"MXIM-AV-1-10-6","Dix minutes de silence pour John Lennon","2016-04-19 14:09:25","Rodrigo","U"
"MXIM-AV-1-10-7","Una mayordomía","2016-04-19 14:10:55","Rodrigo","U"
"MXIM-AV-1-10-8","El Blanquita","2016-04-19 14:13:21","Rodrigo","U"
"MXIM-AV-1-10-9","El eterno retorno: testimonios de los indios Kikapu","2016-04-19 14:13:41","Rodrigo","U"
"MXIM-AV-1-10-10","El papel de San Pablito","2016-04-19 14:14:05","Rodrigo","U"
"MXIM-AV-1-10-11","El Salvador: el pueblo vencerá","2016-04-19 14:14:29","Rodrigo","U"
"MXIM-AV-1-10-12","El oficio de tejer","2016-04-19 14:14:56","Rodrigo","U"
"MXIM-AV-1-10-13","Encuentro nacional de Jóvenes Indígenas","2016-04-19 14:15:28","Rodrigo","U"
"MXIM-AV-1-10-14","Entre la presencia y el olvido","2016-04-19 14:15:53","Rodrigo","U"
"MXIM-AV-1-10-15","Faits divers","2016-04-19 14:16:33","Rodrigo","U"
"MXIM-AV-1-10-16","From the Pole to the Equator","2016-04-19 14:17:37","Rodrigo","U"
"MXIM-AV-1-10-18","Koyaanisqatsi: life out of the balance","2016-04-19 14:18:31","Rodrigo","U"
"MXIM-AV-1-10-19","La cultura del caracol púrpura como patrimonio nacional","2016-04-19 14:20:16","Rodrigo","U"
"MXIM-AV-1-10-20","La decisión de vencer (Los primeros frutos)","2016-04-19 14:20:58","Rodrigo","U"
"MXIM-AV-1-10-21","La neta no hay futuro","2016-04-19 14:21:37","Rodrigo","U"
"MXIM-AV-1-10-22","La república perdida II","2016-04-19 14:22:52","Rodrigo","U"
"MXIM-AV-1-10-23","Laguna de dos tiempos","2016-04-19 14:23:08","Rodrigo","U"
"MXIM-AV-1-10-24","Laguna del Ostión. Acayucan, Ver.","2016-04-19 14:23:26","Rodrigo","U"
"MXIM-AV-1-10-25","Lenguaje audiovisual","2016-04-19 14:23:43","Rodrigo","U"
"MXIM-AV-1-10-26","Malcolm Lowry en México","2016-04-19 14:24:01","Rodrigo","U"
"MXIM-AV-1-10-27","Mara'acame. Cantador y curandero","2016-04-19 14:24:21","Rodrigo","U"
"MXIM-AV-1-10-28","Mi hijo el Ché","2016-04-19 14:24:42","Rodrigo","U"
"MXIM-AV-1-10-29","Milano ´83","2016-04-19 14:25:00","Rodrigo","U"
"MXIM-AV-1-10-30","Une histoire de vent","2016-04-19 14:25:36","Rodrigo","U"
"MXIM-AV-1-10-31","Nadie es inocente","2016-04-19 14:26:17","Rodrigo","U"
"MXIM-AV-1-10-32","New York, N.Y.","2016-04-19 14:26:39","Rodrigo","U"
"MXIM-AV-1-10-33","Sans Soleil","2016-04-19 14:26:59","Rodrigo","U"
"MXIM-AV-1-10-36","Purépechas, los que viven la vida","2016-04-19 14:27:26","Rodrigo","U"
"MXIM-AV-1-10-39","Reunión de madres y padres (en una escuela secundaria) VIDEO MOTIVACIONAL.","2016-04-19 14:28:16","Rodrigo","U"
"MXIM-AV-1-10-40","Urgences","2016-04-19 14:29:08","Rodrigo","U"
"MXIM-AV-1-10-41","Tiempo de victoria: El Salvador, ocho años de guerra","2016-04-19 14:29:29","Rodrigo","U"
"MXIM-AV-1-10-42","Saumialuk \"Le Grand Gaucher\"","2016-04-19 14:29:46","Rodrigo","U"
"MXIM-AV-1-10-43","Semana Santa entre los mayos","2016-04-19 14:30:01","Rodrigo","U"
"MXIM-AV-1-10-44","Taller de trovadores Xichu, Gto.","2016-04-19 14:30:21","Rodrigo","U"
"MXIM-AV-1-10-46","Ballade vom kleinen soldaten","2016-04-19 14:31:00","Rodrigo","U"
"MXIM-AV-1-10-47","Mer dare ó Nas vek","2016-04-19 14:31:56","Rodrigo","U"
"MXIM-AV-1-10-48","Sir Anthony Van Dyck: Samson and Delilah","2016-04-19 14:32:23","Rodrigo","U"
"MXIM-AV-1-10-49","Lorenzo Lotto: Madonna and Child","2016-04-19 14:32:44","Rodrigo","U"
"MXIM-AV-1-10-50","Jacob van Ruisdael: The Large Forest","2016-04-19 14:33:04","Rodrigo","U"
"MXIM-AV-1-10-51","Joachim Patinier: The baptism of Christ","2016-04-19 14:33:44","Rodrigo","U"
"MXIM-AV-1-10-52","Hans Memling: St. John Altarpiece","2016-04-19 14:34:14","Rodrigo","U"
"MXIM-AV-1-10-53","Edvard Munch: Four Girls on a Jetty","2016-04-19 14:34:33","Rodrigo","U"
"MXIM-AV-1-10-54","Andy Warhol: The texan, Portrait of Robert Rauschenberg","2016-04-19 14:34:58","Rodrigo","U"
"MXIM-AV-1-10-55","Stefan Lochner: The Madonna of the rose bower (Stefan Lochner: La virgen del rosal)","2016-04-19 14:35:18","Rodrigo","U"
"MXIM-AV-1-10-56","Wolf Vostell: Miss América","2016-04-19 14:35:35","Rodrigo","U"
"MXIM-AV-1-10-57","Ernst Ludwig Kirchner: Five women in the street","2016-04-19 14:35:53","Rodrigo","U"
"MXIM-AV-1-10-58","Hugo Van Der Goes: Adoration of the Magi","2016-04-19 14:37:16","Rodrigo","U"
"MXIM-AV-1-5-8","The Plow That Broke the Plains","2016-04-20 07:54:31","Carlos","U"
"MXIM-AV-1-5-4","Housing Problems","2016-04-20 07:55:44","Carlos","U"
"MXIM-AV-1-11-142","The maya","2016-04-20 09:59:53","Lilia","U"
"MXIM-AV-1-11-146","De tijdmachine: overpeinzingen bij 100 jaar beeldcultuur","2016-04-20 10:02:01","Lilia","U"
"MXIM-AV-1-11-156","Los ferro, The railway men","2016-04-20 10:04:29","Lilia","U"
"MXIM-AV-1-11-157","Acariño galaico de Barro","2016-04-20 10:05:36","Lilia","U"
"MXIM-AV-1-11-176","Paul Gauguin: Sweet Dreams","2016-04-20 10:08:54","Lilia","U"
"MXIM-AV-1-11-177","Bartolome Murillo: The rest on the flight into egypt","2016-04-20 10:09:25","Lilia","U"
"MXIM-AV-1-11-178","Rembrandt Harmensz Van Rijn: The Return of the Prodigal Son","2016-04-20 10:09:53","Lilia","U"
"MXIM-AV-1-11-179","Paula Rego: Manifest für eine verlorene sache","2016-04-20 10:10:30","Lilia","U"
"MXIM-AV-1-11-180","Eugene Jansson: Sunrise over the rooftops","2016-04-20 10:11:18","Lilia","U"
"MXIM-AV-1-11-181","Anders Zorn: Our daily bread","2016-04-20 10:11:53","Lilia","U"
"MXIM-AV-1-11-182","Pieter Bruegel: The Triumph of death","2016-04-20 10:12:34","Lilia","U"
"MXIM-AV-1-11-183","Yves Klein: Blue Harmony","2016-04-20 10:13:10","Lilia","U"
"MXIM-AV-1-11-184","Mikhail Vrubel: Six-Winged Seraph","2016-04-20 10:13:38","Lilia","U"
"MXIM-AV-1-11-185","Marc Chagal: Promenade","2016-04-20 10:13:59","Lilia","U"
"MXIM-AV-1-11-186","Liubov Popova: Portrait of philosopher","2016-04-20 10:14:42","Lilia","U"
"MXIM-AV-1-11-187","Mikhail Nesterov: The taking of the veil","2016-04-20 10:15:10","Lilia","U"
"MXIM-AV-1-11-192","La gaveuse","2016-04-20 10:16:52","Lilia","U"
"MXIM-AV-1-11-193","La romancière","2016-04-20 10:17:24","Lilia","U"
"MXIM-AV-1-11-194","La roulotteuse","2016-04-20 10:21:46","Lilia","U"
"MXIM-AV-1-11-195","La fleuriste","2016-04-20 10:24:36","Lilia","U"
"MXIM-AV-1-11-197","La marchande de journaux","2016-04-20 10:26:24","Lilia","U"
"MXIM-AV-1-11-198","L´opticienne","2016-04-20 10:27:01","Lilia","U"
"MXIM-AV-1-11-199","La souffleuse de verre","2016-04-20 10:27:40","Lilia","U"
"MXIM-AV-1-11-200","L´illusionniste","2016-04-20 10:28:03","Lilia","U"
"MXIM-AV-1-11-202","La corsetière","2016-04-20 10:31:03","Lilia","U"
"MXIM-AV-1-11-203","L´archetière","2016-04-20 10:32:46","Lilia","U"
"MXIM-AV-1-11-204","Parler et travailler","2016-04-20 10:33:18","Lilia","U"
"MXIM-AV-1-11-209","O amor natural","2016-04-20 10:34:20","Lilia","U"
"MXIM-AV-1-11-210","The fall of the Romanov dynasty","2016-04-20 10:34:52","Lilia","U"
"MXIM-AV-1-11-97","Ávila Camacho, el general caballero","2016-04-20 11:27:42","Carlos","U"
"MXIM-AV-1-11-90","López Mateos, pan y palo","2016-04-20 11:32:39","Carlos","U"
"MXIM-AV-1-11-61","¡Hay Tamales! La muestra del tamal en México","2016-04-20 11:49:55","Jocelyn","U"
"MXIM-AV-1-11-62","Historia Argentina 1776-1880","2016-04-20 12:02:06","Jocelyn","U"
"MXIM-AV-1-11-63","Historia Argentina 1880-1930","2016-04-20 12:02:58","Jocelyn","U"
"MXIM-AV-1-11-64","Historia Argentina 1930-1955","2016-04-20 12:03:29","Jocelyn","U"
"MXIM-AV-1-11-65","Lázaro Cárdenas, Entre el pueblo y el poder","2016-04-20 12:04:33","Jocelyn","U"
"MXIM-AV-1-11-66","Swagatam (bem-vindos)","2016-04-20 12:05:02","Jocelyn","U"
"MXIM-AV-1-11-67","Vivir en la lucha libre","2016-04-20 12:07:12","Jocelyn","U"
"MXIM-AV-1-11-67","Vivir en la lucha libre","2016-04-20 12:08:10","Jocelyn","U"
"MXIM-AV-1-11-68","Home of the Wandering Souls","2016-04-20 12:09:27","Jocelyn","U"
"MXIM-AV-1-11-69","José López Portillo, El abolengo criollo","2016-04-20 12:11:35","Jocelyn","U"
"MXIM-AV-1-11-70","Kayapos. Planet des hommes","2016-04-20 12:13:04","Jocelyn","U"
"MXIM-AV-1-11-71","Këdung Ajdk. Servir al pueblo","2016-04-20 12:14:11","Jocelyn","U"
"MXIM-AV-1-11-72","Kurihipuecha en´ka tirekastiksi juatarahua Los hombres que viven del bosque","2016-04-20 12:15:33","Jocelyn","U"
"MXIM-AV-1-11-73","L' America a Roma","2016-04-20 12:18:13","Jocelyn","U"
"MXIM-AV-1-11-74","La balada de John O'Reilly","2016-04-20 12:20:37","Jocelyn","U"
"MXIM-AV-1-11-75","La batalla de Tepoztlán","2016-04-20 12:21:31","Jocelyn","U"
"MXIM-AV-1-11-76","La batalla por Ciudadano Kane","2016-04-20 12:22:33","Jocelyn","U"
"MXIM-AV-1-11-77","Ya baramb tenga: Our ancestors' earth, a mossi village","2016-04-20 12:26:20","Jocelyn","U"
"MXIM-AV-1-11-78","La fiesta del fuego. XIII Festival de la Cultura Caribeña","2016-04-20 12:27:50","Jocelyn","U"
"MXIM-AV-1-11-79","La guerra de Chiapas","2016-04-20 12:29:12","Jocelyn","U"
"MXIM-AV-1-11-80","La lactancia de Pedrito","2016-04-20 12:30:11","Jocelyn","U"
"MXIM-AV-1-11-81","La línea paterna","2016-04-20 12:32:52","Jocelyn","U"
"MXIM-AV-1-11-82","La Plaza de los miércoles","2016-04-20 12:33:38","Jocelyn","U"
"MXIM-AV-1-11-83","La radio mexicana","2016-04-20 12:34:39","Jocelyn","U"
"MXIM-AV-1-11-84","\"Las manitos\", Reproductive Health Campaign, Bolivia","2016-04-20 12:35:23","Jocelyn","U"
"MXIM-AV-1-11-85","Las modernas preparatorias de la generación de los veinte","2016-04-20 12:37:18","Jocelyn","U"
"MXIM-AV-1-11-86","11 de septiembre, 1973. El último combate de Salvador Allende","2016-04-20 12:40:28","Jocelyn","U"
"MXIM-AV-1-11-87","Lázaro Cárdenas: el hombre y el mito","2016-04-20 12:41:17","Jocelyn","U"
"MXIM-AV-1-11-88","Lettere Dall'America","2016-04-20 12:43:58","Jocelyn","U"
"MXIM-AV-1-11-49","Emiliano Zapata, el amor a la tierra","2016-04-20 12:44:09","Carlos","U"
"MXIM-AV-1-11-89","Level Five","2016-04-20 12:45:11","Jocelyn","U"
"MXIM-AV-1-11-91","Los más pequeños, Un retrato del Ejército Zapatista de Liberación Nacional","2016-04-20 12:48:53","Jocelyn","U"
"MXIM-AV-1-11-92","Luis Echeverría, La empeñosa ambición","2016-04-20 12:51:01","Jocelyn","U"
"MXIM-AV-1-11-93","Lumiere et Compagnie","2016-04-20 12:52:16","Jocelyn","U"
"MXIM-AV-1-11-94","Serie 18 lustros de la vida en México en este siglo","2016-04-20 12:57:07","Jocelyn","U"
"MXIM-AV-1-11-95","Technical developments around the turn of the century","2016-04-20 12:59:03","Jocelyn","U"
"MXIM-AV-1-11-95","Technical developments around the turn of the century","2016-04-20 12:59:29","Jocelyn","U"
"MXIM-AV-1-11-110","Mother Dao The turtlelike","2016-04-20 12:59:29","Carlos","U"
"MXIM-AV-1-11-97","Ávila Camacho, el general caballero","2016-04-20 13:00:40","Jocelyn","U"
"MXIM-AV-1-11-98","Mãos á obra em Brasília","2016-04-20 13:02:24","Jocelyn","U"
"MXIM-AV-1-11-100","Matilde Landeta","2016-04-20 13:03:41","Jocelyn","U"
"MXIM-AV-1-11-101","Memorias de cá e de lá - Paranoá/DF","2016-04-20 13:05:25","Jocelyn","U"
"MXIM-AV-1-11-192","La gaveuse","2016-04-20 13:17:44","Carlos","U"
"MXIM-AV-1-11-192","La gaveuse","2016-04-20 13:19:32","Carlos","U"
"MXIM-AV-1-11-103","Memorias do Mundo","2016-04-20 13:25:45","Jocelyn","U"
"MXIM-AV-1-11-192","La gaveuse","2016-04-20 13:27:08","Carlos","U"
"MXIM-AV-1-11-193","La romancière","2016-04-20 13:27:49","Carlos","U"
"MXIM-AV-1-11-102","Memorias de un mexicano","2016-04-20 13:27:59","Jocelyn","U"
"MXIM-AV-1-11-194","La roulotteuse","2016-04-20 13:28:21","Carlos","U"
"MXIM-AV-1-11-104","Memórias em construcao no centro oeste brasileiro. A expedição roncador xingú","2016-04-20 13:28:40","Jocelyn","U"
"MXIM-AV-1-11-195","La fleuriste","2016-04-20 13:28:43","Carlos","U"
"MXIM-AV-1-11-196","La cordonniére","2016-04-20 13:29:07","Carlos","U"
"MXIM-AV-1-11-105","Méliès, el mago del cine","2016-04-20 13:30:58","Jocelyn","U"
"MXIM-AV-1-11-106","México 68","2016-04-20 13:32:34","Jocelyn","U"
"MXIM-AV-1-11-107","México, ciudad de ciudades: El Centro Histórico","2016-04-20 13:33:36","Jocelyn","U"
"MXIM-AV-1-11-108","Mi Multi es mi Multi. Historia oral del Multifamiliar Miguel Alemán (1949-1999)","2016-04-20 13:34:48","Jocelyn","U"
"MXIM-AV-1-11-109","Montoneros: Una historia","2016-04-20 13:35:36","Jocelyn","U"
"MXIM-AV-1-11-110","Mother Dao The turtlelike","2016-04-20 13:36:57","Jocelyn","U"
"MXIM-AV-1-11-111","Museo Nacional de Culturas Populares A la luz de nuestra diversidad","2016-04-20 13:38:28","Jocelyn","U"
"MXIM-AV-1-11-197","La marchande de journaux","2016-04-20 13:38:57","Carlos","U"
"MXIM-AV-1-11-112","Díaz Ordaz y el 68","2016-04-20 13:39:22","Jocelyn","U"
"MXIM-AV-1-11-198","L´opticienne","2016-04-20 13:39:24","Carlos","U"
"MXIM-AV-1-11-199","La souffleuse de verre","2016-04-20 13:39:56","Carlos","U"
"MXIM-AV-1-11-113","No me parezco a nadie, La vida de Pedro Infante","2016-04-20 13:40:03","Jocelyn","U"
"MXIM-AV-1-11-200","L´illusionniste","2016-04-20 13:41:16","Carlos","U"
"MXIM-AV-1-11-115","O Velho Capoerista. Mestre Joao Pequeño de Pastinha","2016-04-20 13:42:28","Jocelyn","U"
"MXIM-AV-1-11-201","L´accordeuse de piano","2016-04-20 13:42:45","Carlos","U"
"MXIM-AV-1-11-116","Otomíes del Valle del Mezquital","2016-04-20 13:43:07","Jocelyn","U"
"MXIM-AV-1-11-202","La corsetière","2016-04-20 13:43:09","Carlos","U"
"MXIM-AV-1-11-203","L´archetière","2016-04-20 13:44:01","Carlos","U"
"MXIM-AV-1-11-117","Paixao e Guerra no Sertao de Canudos","2016-04-20 13:46:41","Jocelyn","U"
"MXIM-AV-1-11-118","Palacios en peligro. Las salas cinematográficas de la Ciudad de México","2016-04-20 13:49:48","Jocelyn","U"
"MXIM-AV-1-11-120","Photo Wallahs","2016-04-20 13:51:13","Jocelyn","U"
"MXIM-AV-1-11-102","Memorias de un mexicano","2016-04-20 13:51:44","Carlos","U"
"MXIM-AV-1-11-121","Polifonias. Paci é saluta, Michel Giacometti","2016-04-20 13:52:19","Jocelyn","U"
"MXIM-AV-1-11-102","Memorias de un mexicano","2016-04-20 13:52:30","Carlos","U"
"MXIM-AV-1-11-122","Por esos ojos","2016-04-20 13:54:26","Jocelyn","U"
"MXIM-AV-1-11-102","Memorias de un mexicano","2016-04-20 13:55:00","Carlos","U"
"MXIM-AV-1-11-102","Memorias de un mexicano","2016-04-20 13:55:21","Carlos","U"
"MXIM-AV-1-11-102","Memorias de un mexicano","2016-04-20 13:57:16","Carlos","U"
"MXIM-AV-1-11-123","Porfirio Díaz, Místico de la autoridad","2016-04-20 13:58:03","Jocelyn","U"
"MXIM-AV-1-11-125","Preservación de colecciones fotográficas patrimoniales","2016-04-20 14:02:15","Jocelyn","U"
"MXIM-AV-1-11-126","Prigionieri della Guerra","2016-04-20 14:03:22","Jocelyn","U"
"MXIM-AV-1-11-102","Memorias de un mexicano","2016-04-20 14:03:26","Carlos","U"
"MXIM-AV-1-11-127","Puerto de ritmos, festival afrocaribeño. Veracruz '94","2016-04-20 14:04:16","Jocelyn","U"
"MXIM-AV-1-11-128","Querido Diario","2016-04-20 14:04:46","Jocelyn","U"
"MXIM-AV-1-11-129","Radio II, la vida íntima de la radio","2016-04-20 14:05:32","Jocelyn","U"
"MXIM-AV-1-11-130","Rá'mui rä ñähñu: Ya ny'ot eya nt'ohni/Rathoni tho'tsi ra ñähñu/Ra m'ui ya ma'yo","2016-04-20 14:07:03","Jocelyn","U"
"MXIM-AV-1-11-83","La radio mexicana","2016-04-20 14:08:49","Carlos","U"
"MXIM-AV-1-11-46","Nuestra capital hace medio siglo","2016-04-20 14:09:44","Carlos","U"
"MXIM-AV-1-11-134","Los teatros del pueblo","2016-04-20 14:13:07","Carlos","U"
"MXIM-AV-1-11-107","México, ciudad de ciudades: El Centro Histórico","2016-04-20 14:15:30","Carlos","U"
"MXIM-AV-1-11-206","Tikal Guatemala, C. A.","2016-04-20 14:16:48","Carlos","U"
"MXIM-AV-1-12-232","Senderos","2016-04-20 14:19:08","Carlos","U"
"MXIM-AV-1-12-233","Formas de habitar en una urbanización no regulada","2016-04-20 14:19:36","Carlos","U"
"MXIM-AV-1-12-235","Acuarelas del mundo maya","2016-04-20 14:20:09","Carlos","U"
"MXIM-AV-1-12-236","Extrayendo y llevando agua a casa","2016-04-20 14:20:28","Carlos","U"
"MXIM-AV-1-12-237","La vida cotidiana de los migrantes en méxico y en los Estados Unidos","2016-04-20 14:20:50","Carlos","U"
"MXIM-AV-1-12-287","Audiovisuales de los Caracoles Zapatistas","2016-04-20 14:21:40","Carlos","U"
"MXIM-AV-1-12-289","Xulum´Chon Weavers in resistence from the highlands","2016-04-20 14:23:35","Carlos","U"
"MXIM-AV-1-12-290","Women´s hamdicraft cooperative for dignity","2016-04-20 14:23:58","Carlos","U"
"MXIM-AV-1-11-131","100 Years Greenland on Film","2016-04-20 14:24:07","Jocelyn","U"
"MXIM-AV-1-11-132","Ruben Jaramillo 1900-1962 una historia mexicana","2016-04-20 14:24:52","Jocelyn","U"
"MXIM-AV-1-11-132","Ruben Jaramillo 1900-1962 una historia mexicana","2016-04-20 14:25:51","Jocelyn","U"
"MXIM-AV-1-11-133","Sáname con tu poder. Medicina tradicional mixe","2016-04-20 14:26:41","Jocelyn","U"
"MXIM-AV-1-11-134","Los teatros del pueblo","2016-04-20 14:27:11","Jocelyn","U"
"MXIM-AV-1-11-135","Semana Santa in Patamban. Purhépecha, Michoacán, Mexico","2016-04-20 14:27:37","Jocelyn","U"
"MXIM-AV-1-11-137","Tato Bores, actor cómico de la nación","2016-04-20 14:31:08","Jocelyn","U"
"MXIM-AV-1-12-332","The Corporatión","2016-04-20 14:36:44","Jocelyn","U"
"MXIM-AV-1-12-333","Las Cruces","2016-04-20 14:38:12","Jocelyn","U"
"MXIM-AV-1-12-334","Nicaragua","2016-04-20 14:39:27","Jocelyn","U"
"MXIM-AV-1-12-335","Presentación del libro \"La fiesta del chivo\" en México","2016-04-20 14:42:38","Jocelyn","U"
"MXIM-AV-1-12-336","Les premiers pas du cinéma- Un réve en couleur","2016-04-20 14:44:24","Jocelyn","U"
"MXIM-AV-1-12-337","Retour Flamme de 01","2016-04-20 14:45:31","Jocelyn","U"
"MXIM-AV-1-12-339","Rudos contra Técnicos","2016-04-20 14:46:33","Jocelyn","U"
"MXIM-AV-1-12-340","Pic-nic","2016-04-20 14:47:22","Jocelyn","U"
"MXIM-AV-1-12-341","Falamos de António Campos","2016-04-20 14:48:33","Jocelyn","U"
"MXIM-AV-1-12-342","Gandhi's Children","2016-04-20 14:50:07","Jocelyn","U"
"MXIM-AV-1-12-343","Obras Documentais de Jean Rouch","2016-04-20 15:01:25","Jocelyn","U"
"MXIM-AV-1-12-344","Some Alien Creatures","2016-04-20 15:05:15","Jocelyn","U"
"MXIM-AV-1-12-345","O ´parque","2016-04-20 15:05:45","Jocelyn","U"
"MXIM-AV-1-12-346","Memórias do Cativeiro","2016-04-20 15:06:45","Jocelyn","U"
"MXIM-AV-1-12-347","Jongos, Calangos e Folias","2016-04-20 15:07:36","Jocelyn","U"
"MXIM-AV-1-12-348","Versos e Cacetes","2016-04-20 15:08:24","Jocelyn","U"
"MXIM-AV-1-12-349","Rostros de la Antropología","2016-04-20 15:09:25","Jocelyn","U"
"MXIM-AV-1-12-350","La banda del automóvil gris","2016-04-20 15:10:39","Jocelyn","U"
"MXIM-AV-1-12-351","Mujeres de Pozuelos y El Pinar: existencias tzotziles al borde de una decisión cultural","2016-04-20 15:11:13","Jocelyn","U"
"MXIM-AV-1-12-351","Mujeres de Pozuelos y El Pinar: existencias tzotziles al borde de una decisión cultural","2016-04-20 15:11:31","Jocelyn","U"
"MXIM-AV-1-12-352","El conocimiento hidráulico: una tradición milenaria en el México prehispánico","2016-04-20 15:12:22","Jocelyn","U"
"MXIM-AV-1-12-353","Historia Audiovisual de la Universidad Autónoma de la Ciudad de México","2016-04-20 15:13:25","Jocelyn","U"
"MXIM-AV-1-10-59","Yves Tanguy: A las 4 de la tarde en verano, esperanza","2016-04-20 15:31:12","Jocelyn","U"
"MXIM-AV-1-10-60","Sonia Delaunay: Electric Prisms","2016-04-20 15:33:04","Jocelyn","U"
"MXIM-AV-1-11-8","Amsterdam global Village","2016-04-20 15:50:05","Jocelyn","U"
"MXIM-AV-1-11-14","Batallón Olimpia. Documento abierto","2016-04-20 15:55:29","Jocelyn","U"
"MXIM-AV-1-11-22","Chiapas, la otra guerra","2016-04-20 15:58:08","Jocelyn","U"
"MXIM-AV-1-11-24","Chile la memoria obstinada","2016-04-20 15:59:10","Jocelyn","U"
"MXIM-AV-1-11-76","La batalla por Ciudadano Kane","2016-04-21 08:38:42","Carlos","U"
"MXIM-AV-1-10-73","La relieuse","2016-04-21 09:01:01","Carlos","U"
"MXIM-AV-1-10-74","La bistrote","2016-04-21 09:01:23","Carlos","U"
"MXIM-AV-1-10-75","La canneuse","2016-04-21 09:01:40","Carlos","U"
"MXIM-AV-1-10-76","La repasseuse","2016-04-21 09:01:57","Carlos","U"
"MXIM-AV-1-10-77","La rémouleuse","2016-04-21 09:02:13","Carlos","U"
"MXIM-AV-1-10-78","La maítre-verrier","2016-04-21 09:02:33","Carlos","U"
"MXIM-AV-1-10-67","La matelassière","2016-04-21 09:03:05","Carlos","U"
"MXIM-AV-1-10-68","La fileuse","2016-04-21 09:03:26","Carlos","U"
"MXIM-AV-1-10-69","La trempeuse","2016-04-21 09:03:45","Carlos","U"
"MXIM-AV-1-10-70","L'orangère","2016-04-21 09:04:11","Carlos","U"
"MXIM-AV-1-10-71","La brodeuse","2016-04-21 09:04:34","Carlos","U"
"MXIM-AV-1-10-72","La dame-lavabo","2016-04-21 09:04:58","Carlos","U"
"MXIM-AV-1-12-331","Viviendo al límite","2016-04-21 11:48:12","Jocelyn","U"
"MXIM-AV-1-12-335","Presentación del libro \"La fiesta del chivo\" en México","2016-04-21 11:56:55","Jocelyn","U"
"MXIM-AV-1-12-336","Les premiers pas du cinéma- Un réve en couleur","2016-04-21 11:57:36","Jocelyn","U"
"MXIM-AV-1-12-337","Retour Flamme de 01","2016-04-21 11:58:04","Jocelyn","U"
"MXIM-AV-1-12-343","Obras Documentais de Jean Rouch","2016-04-21 11:59:28","Jocelyn","U"
"MXIM-AV-1-12-344","Some Alien Creatures","2016-04-21 12:00:40","Jocelyn","U"
"MXIM-AV-1-12-130","Born in to brothels: Calcuta´s red lights kids","2016-04-21 12:11:16","Carlos","U"
"MXIM-AV-1-10-62","Stanley Spencer: The Resurrection Cookham","2016-04-21 12:17:07","Jocelyn","U"
"MXIM-AV-1-10-63","Louis o Antoine Le Nain: Peasant Family","2016-04-21 12:23:58","Jocelyn","U"
"MXIM-AV-1-10-60","Sonia Delaunay: Electric Prisms","2016-04-21 12:24:29","Jocelyn","U"
"MXIM-AV-1-10-64","John Everett Millais: Ophelia","2016-04-21 12:25:38","Jocelyn","U"
"MXIM-AV-1-10-66","Divine horsemen, The living Gods of Haiti","2016-04-21 12:27:26","Jocelyn","U"
"MXIM-AV-1-12-36","El arte de hacer ciudad","2016-04-21 12:42:14","Carlos","U"
"MXIM-AV-1-11-221","Radio Interferencia 89.3","2016-04-21 18:28:18","Lilia","U"
"MXIM-AV-1-11-96","Lyrical Nitrate","2016-04-22 13:04:13","Jocelyn","U"
"MXIM-AV-1-11-55","Fin de la Guerra","2016-04-22 14:25:40","Jocelyn","U"
"MXIM-AV-1-11-114","Altos hornos Zapla","2016-04-22 14:40:27","Jocelyn","U"
"MXIM-AV-1-11-114","Altos hornos Zapla","2016-04-22 14:53:43","Jocelyn","U"
"MXIM-AV-1-11-119","Palestina do norte o araguaia passa por aqui","2016-04-22 14:57:54","Jocelyn","U"
"MXIM-AV-1-10-73","La relieuse","2016-04-22 15:19:49","Jocelyn","U"
"MXIM-AV-1-10-74","La bistrote","2016-04-22 15:36:08","Jocelyn","U"
"MXIM-AV-1-11-212","The wonderful horrible life of Leni Riefenstahl","2016-04-27 09:35:04","Lilia","U"
"MXIM-AV-1-11-213","The wonderful horrible life of Leni Riefenstahl","2016-04-27 09:45:08","Lilia","U"
"MXIM-AV-1-11-217","Chocalheiro Bemposta","2016-04-27 09:47:54","Lilia","U"
"MXIM-AV-1-11-218","Film spricht viele sprachen","2016-04-27 09:48:32","Lilia","U"
"MXIM-AV-1-11-219","Film ist mehr als Film","2016-04-27 09:49:02","Lilia","U"
"MXIM-AV-1-11-220","Early applicata","2016-04-27 09:49:32","Lilia","U"
"MXIM-AV-1-12-1","Chris by Chris","2016-04-27 09:54:55","Lilia","U"
"MXIM-AV-1-12-3","A grande experiencia","2016-04-27 09:58:10","Lilia","U"
"MXIM-AV-1-12-55-3","Ethnologie","2016-04-27 09:58:48","Lilia","U"
"MXIM-AV-1-12-141-6","Eduardo Viana: Die Kleine","2016-04-27 10:15:21","Lilia","U"
"MXIM-AV-1-12-141-8","Vieyra Da Silva: Tragishe Geschichte Auf Dem Meer","2016-04-27 10:22:27","Lilia","U"
"MXIM-AV-1-12-9","Black-Blob","2016-04-27 10:24:14","Lilia","U"
"MXIM-AV-1-12-13","10e Chambre, instants d´audiences","2016-04-27 10:27:00","Lilia","U"
"MXIM-AV-1-12-18","Congos, rítmo e devoção","2016-04-27 10:28:30","Lilia","U"
"MXIM-AV-1-10-69","La trempeuse","2016-04-27 10:34:05","Jocelyn","U"
"MXIM-AV-1-10-85","Corresponsales de guerra III","2016-04-27 10:56:28","Jocelyn","U"
"MXIM-AV-1-11-1","Adolfo Ruiz Cortines, el jugador de dominó","2016-04-27 11:02:20","Jocelyn","U"
"MXIM-AV-1-10-81","Después de... No se os puede dejar solos","2016-04-27 11:10:10","Jocelyn","U"
"MXIM-AV-1-11-6","Miguel Alemán Valdés, el cachorro de la revolución","2016-04-27 11:34:57","Jocelyn","U"
"MXIM-AV-1-11-1","Adolfo Ruiz Cortines, el jugador de dominó","2016-04-27 11:41:15","Jocelyn","U"
"MXIM-AV-1-11-3","Afriques: comment ca va avec la douleur?","2016-04-27 11:46:15","Jocelyn","U"
"MXIM-AV-1-11-4","Más vale paso que dure","2016-04-27 11:47:37","Jocelyn","U"
"MXIM-AV-1-11-7","Amealco-USA. Cincuenta años de migración en un pueblo del centro de México","2016-04-27 11:49:53","Jocelyn","U"
"MXIM-AV-1-11-9","A place called Chiapas","2016-04-27 11:52:22","Jocelyn","U"
"MXIM-AV-1-11-10","Ariles y más ariles… Testimonios del son jarocho","2016-04-27 11:53:24","Jocelyn","U"
"MXIM-AV-1-11-11","Obra Documental de Artavazd Pelechian","2016-04-27 11:54:32","Jocelyn","U"
"MXIM-AV-1-11-13","Batalhas pelo Patrimonio Batalhas pela História","2016-04-27 11:57:07","Jocelyn","U"
"MXIM-AV-1-11-14","Batallón Olimpia. Documento abierto","2016-04-27 11:58:22","Jocelyn","U"
"MXIM-AV-1-11-15","Belovy","2016-04-27 12:02:14","Jocelyn","U"
"MXIM-AV-1-11-19","Candlemas in Patamban. Purhépecha, Michoacán, México","2016-04-27 12:07:55","Jocelyn","U"
"MXIM-AV-1-11-27","Cinéma Perdu","2016-04-27 12:40:22","Jocelyn","U"
"MXIM-AV-1-11-27","Cinéma Perdu","2016-04-27 12:41:24","Jocelyn","U"
"MXIM-AV-1-11-28","Nema-ye Nazdik","2016-04-27 12:44:27","Jocelyn","U"
"MXIM-AV-1-11-28","Nema-ye Nazdik","2016-04-27 12:44:49","Jocelyn","U"
"MXIM-AV-1-11-29","Consulta Nacional","2016-04-27 12:47:13","Jocelyn","U"
"MXIM-AV-1-11-30","Copperwork in Santa Clara del Cobre. Artisans facing change","2016-04-27 12:48:34","Jocelyn","U"
"MXIM-AV-1-11-32","Cuando yo nací como persona","2016-04-27 12:52:02","Jocelyn","U"
"MXIM-AV-1-11-35","Weavers in Auiran. Michoacán, Mexico","2016-04-27 12:56:33","Jocelyn","U"
"MXIM-AV-1-11-36","De wereld rond met pathé 1910-1915","2016-04-27 12:58:18","Jocelyn","U"
"MXIM-AV-1-11-36","De wereld rond met pathé 1910-1915","2016-04-27 12:59:23","Jocelyn","U"
"MXIM-AV-1-11-37","Del olvido al no me acuerdo","2016-04-27 13:02:43","Jocelyn","U"
"MXIM-AV-1-11-38","Destination Samoa. New Zealand-Samoans between two cultures","2016-04-27 13:04:03","Jocelyn","U"
"MXIM-AV-1-11-39","Días de albergue","2016-04-27 13:04:42","Jocelyn","U"
"MXIM-AV-1-11-41","Diva Dolorosa","2016-04-27 13:08:10","Jocelyn","U"
"MXIM-AV-1-11-42","Ecología y grupos étnicos","2016-04-27 13:09:23","Jocelyn","U"
"MXIM-AV-1-11-45","Adolfo Ruiz Cortines, el apogeo del sistema","2016-04-27 13:14:17","Jocelyn","U"
"MXIM-AV-1-11-46","Nuestra capital hace medio siglo","2016-04-27 13:15:48","Jocelyn","U"
"MXIM-AV-1-11-52","Miguel Alemán, El presidente empresario","2016-04-27 13:21:48","Jocelyn","U"
"MXIM-AV-1-11-57","Francisco Villa: el Ángel y el Fierro","2016-04-27 13:28:36","Jocelyn","U"
"MXIM-AV-1-11-58","Frank Lloyd Wright. The office for Edgar J. Kaufmann","2016-04-27 13:29:48","Jocelyn","U"
"MXIM-AV-1-11-59","Future Remembrance. Photography and Image Art in Ghana","2016-04-27 13:32:04","Jocelyn","U"
"MXIM-AV-1-11-60","Guia Too","2016-04-27 13:32:45","Jocelyn","U"
"MXIM-AV-1-11-61","¡Hay Tamales! La muestra del tamal en México","2016-04-27 13:33:36","Jocelyn","U"
"MXIM-AV-1-11-62","Historia Argentina 1776-1880","2016-04-27 13:38:47","Jocelyn","U"
"MXIM-AV-1-11-63","Historia Argentina 1880-1930","2016-04-27 13:39:31","Jocelyn","U"
"MXIM-AV-1-11-64","Historia Argentina 1930-1955","2016-04-27 13:40:25","Jocelyn","U"
"MXIM-AV-1-11-65","Lázaro Cárdenas, Entre el pueblo y el poder","2016-04-27 13:42:49","Jocelyn","U"
"MXIM-AV-1-11-70","Kayapos. Planet des hommes","2016-04-27 13:47:21","Jocelyn","U"
"MXIM-AV-1-11-83","La radio mexicana","2016-04-27 13:57:07","Jocelyn","U"
"MXIM-AV-1-11-84","\"Las manitos\", Reproductive Health Campaign, Bolivia","2016-04-27 13:58:12","Jocelyn","U"
"MXIM-AV-1-11-86","11 de septiembre, 1973. El último combate de Salvador Allende","2016-04-27 14:00:37","Jocelyn","U"
"MXIM-AV-1-11-90","López Mateos, pan y palo","2016-04-27 14:05:43","Jocelyn","U"
"MXIM-AV-1-11-92","Luis Echeverría, La empeñosa ambición","2016-04-27 14:08:02","Jocelyn","U"
"MXIM-AV-1-11-97","Ávila Camacho, el general caballero","2016-04-27 14:13:51","Jocelyn","U"
"MXIM-AV-1-12-28","Siza Vieira O arquitecto e a cidade velha","2016-04-27 14:50:08","Lilia","U"
"MXIM-AV-1-12-29","Deux films d´Agnes Varda","2016-04-27 14:51:34","Lilia","U"
"MXIM-AV-1-12-30","The filth and the fury. A Sex Pistols film","2016-04-27 14:54:04","Lilia","U"
"MXIM-AV-1-12-32","Obras documentais de Alain Resnais","2016-04-27 14:54:42","Lilia","U"
"MXIM-AV-1-12-343","Obras documentais de Jean Rouch","2016-04-27 14:55:26","Lilia","U"
"MXIM-AV-1-12-47","A wild legacy","2016-04-27 14:58:04","Lilia","U"
"MXIM-AV-1-10-45","Sumatra Knochenumbettung","2016-04-27 15:01:13","Lilia","U"
"MXIM-AV-1-12-57","Exotic Europe, Journeys into early cinema","2016-04-27 15:01:59","Lilia","U"
"MXIM-AV-1-12-60","Food, inc.","2016-04-27 15:12:13","Lilia","U"
"MXIM-AV-1-12-67","H.i.j.o.s. El alma en dos","2016-04-27 15:13:19","Lilia","U"
"MXIM-AV-1-11-105","Méliès. Le Cinémagicien","2016-04-28 10:23:15","Jocelyn","U"
"MXIM-AV-1-11-105","La magie Méliès","2016-04-28 10:27:52","Jocelyn","U"
"MXIM-AV-1-11-112","Díaz Ordaz y el 68","2016-04-28 10:31:49","Jocelyn","U"
"MXIM-AV-1-11-121","Polifonias. Paci é saluta, Michel Giacometti","2016-04-28 10:38:40","Jocelyn","U"
"MXIM-AV-1-11-205","Tato Bores, actor comico de la nación","2016-04-28 10:56:18","Jocelyn","U"
"MXIM-AV-1-11-21","Chiapas. La historia continúa","2016-04-28 11:51:44","Jocelyn","U"
"MXIM-AV-1-11-141","The Lumière Brothers´First Films","2016-04-29 13:24:55","Lilia","U"
"MXIM-AV-1-11-143","All your kisses are mine","2016-04-29 13:29:11","Lilia","U"
"MXIM-AV-1-11-145","The social life of small urban spaces","2016-04-29 13:34:16","Lilia","U"
"MXIM-AV-1-11-146","De tijdmachine: overpeinzingen bij 100 jaar beeldcultuur","2016-04-29 13:37:34","Lilia","U"
"MXIM-AV-1-11-156","Los ferro, The railway men","2016-04-29 13:39:26","Lilia","U"
"MXIM-AV-1-11-157","A cariño galaico","2016-04-29 13:40:31","Lilia","U"
"MXIM-AV-1-11-158","Senhora Aparecida","2016-04-29 13:42:19","Lilia","U"
"MXIM-AV-1-11-171","Kelly loves Tony","2016-04-29 13:43:43","Lilia","U"
"MXIM-AV-1-11-209","O amor natural","2016-04-29 13:54:52","Lilia","U"
"MXIM-AV-1-11-217","Chocalheiro Bemposta","2016-04-29 13:56:40","Lilia","U"
"MXIM-AV-1-11-218","Film spricht viele sprachen","2016-04-29 13:57:50","Lilia","U"
"MXIM-AV-1-11-219","Film ist mehr als Film","2016-04-29 13:59:08","Lilia","U"
"MXIM-AV-1-11-220","Early applicata","2016-04-29 13:59:31","Lilia","U"
"MXIM-AV-1-12-1","Chris by Chris","2016-04-29 14:01:59","Lilia","U"
"MXIM-AV-1-12-2","Adio Kerida Good bye dear love","2016-04-29 14:03:17","Lilia","U"
"MXIM-AV-1-12-3","A grande experiencia","2016-04-29 14:05:50","Lilia","U"
"MXIM-AV-1-12-55-3","Ethnologie","2016-04-29 14:07:45","Lilia","U"
"MXIM-AV-1-12-9","Black-Blob","2016-04-29 14:09:35","Lilia","U"
"MXIM-AV-1-12-13","10e Chambre, instants d´audiences","2016-04-29 14:10:40","Lilia","U"
"MXIM-AV-1-12-18","Congos: rítmo e devoção","2016-04-29 14:11:53","Lilia","U"
"MXIM-AV-1-12-24","De Duchamp au Pop Art","2016-04-29 14:13:31","Lilia","U"
"MXIM-AV-1-12-28","Siza Vieira O arquitecto e a cidade velha","2016-04-29 14:16:29","Lilia","U"
"MXIM-AV-1-12-29","Deux films d´Agnes Varda","2016-04-29 14:17:35","Lilia","U"
"MXIM-AV-1-12-30","The filth and the fury. A Sex Pistols film","2016-04-29 14:18:17","Lilia","U"
"MXIM-AV-1-12-32","Obras documentais de Alain Resnais","2016-04-29 14:19:33","Lilia","U"
"MXIM-AV-1-12-55","Ethnologie","2016-04-29 14:22:05","Lilia","U"
"MXIM-AV-1-12-56","Etre et avoir","2016-04-29 14:22:39","Lilia","U"
"MXIM-AV-1-12-57","Exotic Europe, Journeys into early cinema","2016-04-29 14:23:44","Lilia","U"
"MXIM-AV-1-12-60","Food, inc.","2016-04-29 14:24:53","Lilia","U"
"MXIM-AV-1-10-60","Sonia Delaunay: Electric Prisms","2016-05-02 11:09:56","Jocelyn","U"
"MXIM-AV-1-10-83","Ilha das Flores","2016-05-02 11:12:09","Jocelyn","U"
"MXIM-AV-1-10-30","Une histoire de vent","2016-05-02 11:13:17","Jocelyn","U"
"MXIM-AV-1-11-199","La souffleuse de verre","2016-05-02 11:27:42","Jocelyn","U"
"MXIM-AV-1-11-53","Adria, Urlaubsfilme 1954-1968","2016-05-02 11:43:24","Jocelyn","U"
"MXIM-AV-1-11-115","O Velho Capoerista. Mestre Joao Pequeño de Pastinha","2016-05-02 11:51:40","Jocelyn","U"
"MXIM-AV-1-11-115","O Velho Capoeirista. Mestre Joao Pequeño de Pastinha","2016-05-02 12:00:05","Jocelyn","U"
"MXIM-AV-1-11-192","La gaveuse","2016-05-02 15:43:18","Lilia","U"
"MXIM-AV-1-11-193","La romancière","2016-05-02 15:43:41","Lilia","U"
"MXIM-AV-1-11-195","La fleuriste","2016-05-02 15:44:22","Lilia","U"
"MXIM-AV-1-11-197","La marchande de journaux","2016-05-02 15:44:55","Lilia","U"
"MXIM-AV-1-11-198","L´opticienne","2016-05-02 15:45:30","Lilia","U"
"MXIM-AV-1-11-200","L´illusionniste","2016-05-02 15:45:49","Lilia","U"
"MXIM-AV-1-11-201","L´accordeuse de piano","2016-05-02 15:46:10","Lilia","U"
"MXIM-AV-1-11-202","La corsetière","2016-05-02 15:46:28","Lilia","U"
"MXIM-AV-1-11-204","Parler et travailler","2016-05-02 15:47:36","Lilia","U"
"MXIM-AV-1-11-223","Congreso fundacional del FZLN (consensos y disensos) septiembre de 1997","2016-05-09 10:43:50","Lilia","C"
"MXIM-AV-1-11-223","Congreso fundacional del FZLN (consensos y disensos) septiembre de 1997","2016-05-09 10:46:23","Lilia","U"
"MXIM-AV-1-11-224","El sexto sol Rebelión maya en Chiapas","2016-05-09 12:01:48","Lilia","C"
"MXIM-AV-1-11-225","Zapatista a big noise film","2016-05-09 14:12:30","Lilia","C"
"MXIM-AV-1-12-259","The Greatest Movie Ever Sold","2016-05-09 14:16:51","Jocelyn","C"
"MXIM-AV-1-11-226","10 años tomando el cielo por asalto","2016-05-09 15:24:52","Lilia","C"
"MXIM-AV-1-12-338","30 años de vida venciendo a la muerte","2016-05-09 16:20:08","Lilia","C"
"MXIM-AV-1-12-259","The Greatest Movie Ever Sold","2016-05-11 14:58:40","Jocelyn","U"
"MXIM-AV-1-12-365","La toma","2016-05-12 14:33:21","Lilia","C"
"MXIM-AV-1-12-259","The Greatest Movie Ever Sold","2016-05-12 15:11:58","Jocelyn","U"
"MXIM-AV-1-12-365","La toma","2016-05-12 15:23:34","Lilia","U"
"MXIM-AV-1-11-227","La vida loca","2016-05-12 16:34:30","Lilia","C"
"MXIM-AV-1-12-365","La toma","2016-05-12 16:37:00","Lilia","U"
"MXIM-AV-1-11-227","La vida loca","2016-05-12 17:03:38","Lilia","U"
"MXIM-AV-1-12-367","Žižek!","2016-05-13 12:00:42","Lilia","C"
"MXIM-AV-1-12-368","The revolution will not be televised","2016-05-13 14:09:30","Lilia","C"
"MXIM-AV-1-12-368","The revolution will not be televised","2016-05-13 14:11:27","Lilia","U"
"MXIM-AV-1-12-259","The Greatest Movie Ever Sold","2016-05-13 14:56:18","Jocelyn","U"
"MXIM-AV-1-12-259","The Greatest Movie Ever Sold","2016-05-13 15:05:37","Jocelyn","U"
"MXIM-AV-1-11-227","El derecho de vivir en paz","2016-05-13 17:00:01","Lilia","C"
"MXIM-AV-1-12-259","The Greatest Movie Ever Sold","2016-05-16 11:28:43","Jocelyn","U"
"MXIM-AV-1-13-46","Emboscando al olvido","2016-05-16 11:59:05","Jocelyn","C"
"MXIM-AV-1-13-46","Emboscando al olvido","2016-05-16 12:06:42","Jocelyn","U"
"MXIM-AV-1-13-46","Emboscando al olvido","2016-05-16 12:38:54","Jocelyn","U"
"MXIM-AV-1-13-50","Jason Becker not dead yet","2016-05-16 13:00:28","Lilia","C"
"MXIM-AV-1-13-50","Jason Becker not dead yet","2016-05-16 13:11:39","Lilia","U"
"MXIM-AV-1-12-369","Anvil","2016-05-16 13:17:31","Lilia","C"
"MXIM-AV-1-12-369","Anvil! The Story of Anvil","2016-05-16 13:40:28","Lilia","U"
"MXIM-AV-1-12-369","Anvil! The Story of Anvil","2016-05-16 13:45:45","Lilia","U"
"MXIM-AV-1-13-46","Emboscando al olvido","2016-05-16 14:13:50","Jocelyn","U"
"MXIM-AV-1-12-369","Anvil! The Story of Anvil","2016-05-16 14:44:10","Lilia","U"
"MXIM-AV-1-2-1","Gandhi's Children","2016-05-16 15:24:41","Lilia","C"
"MXIM-AV-1-12-342","Gandhi's Children","2016-05-16 15:29:02","Lilia","U"
"MXIM-AV-1-11-66","Swagatam (bem-vindos)","2016-05-16 15:31:20","Lilia","U"
"MXIM-AV-1-13-51","Stories we tell","2016-05-16 15:49:52","Lilia","C"
"MXIM-AV-1-13-51","Stories we tell","2016-05-16 16:19:02","Lilia","U"
"MXIM-AV-1-13-51","Stories we tell","2016-05-16 17:11:50","Lilia","U"
